0,-31.847,-1.014414009504131E-4,1.0316413705001198E-5
0.005,-31.847,-0.10618847613477751,-0.012600826141474819
0.01,-31.847,-0.0957867100486011,-0.002588890522311473
0.015,-31.847,-0.10198361889827243,-0.006911882247661973
0.02,-31.847,-0.10670472404836243,-0.006984814917442893
0.025,-31.847,-0.11250110791535697,-0.00756662201343431
0.03,-31.847,-0.11858520926329548,-0.008324547383006944
0.035,-31.847,-0.12488160286604673,-0.00908235870695986
0.04,-31.847,-0.13127204398367098,-0.009848542288699866
0.045,-31.847,-0.1376281900590381,-0.010638301891521124
0.05,-31.847,-0.14384278596101244,-0.011452932581908251
0.055,-31.847,-0.14983972135355558,-0.012290757911671878
0.06,-31.847,-0.1555717419781511,-0.013150695545215446
0.065,-31.847,-0.16101332053703127,-0.0140319843471786
0.07,-31.847,-0.1661531592525834,-0.014933854624379137
0.075,-31.847,-0.17098840559626002,-0.01585551873110152
0.08,-31.847,-0.17552117099601428,-0.01679623384657587
0.085,-31.847,-0.1797571520007474,-0.017755346014290102
0.09,-31.847,-0.18370578548506092,-0.0187323055722619
0.095,-31.847,-0.18738123083812708,-0.019726657420241656
0.1,-31.847,-0.19080347789248298,-0.020738015836166898
0.105,-31.847,-0.19399900483822213,-0.02176603621696066
0.11,-31.847,-0.1970006307653304,-0.022810392307943708
0.115,-31.847,-0.1998464713738383,-0.023870761501173534
0.12,-31.847,-0.20257814683766825,-0.024946816999367048
0.125,-31.847,-0.20523855160078197,-0.026038224719831426
0.13,-31.847,-0.20786955111403366,-0.02714464322299858
0.135,-31.847,-0.21050992844450844,-0.028265725366984448
0.14,-31.847,-0.21319379727832702,-0.029401120537970737
0.145,-31.847,-0.21594956932607698,-0.030550476490514105
0.15,-31.847,-0.21879945067974194,-0.03171344025051448
0.155,-31.847,-0.221759366444934,-0.03288965805897536
0.16,-31.847,-0.2248391828476964,-0.034078774711233564
0.165,-31.847,-0.22799485001233685,-0.03527995917238253
0.17,-31.847,-0.2312585278020733,-0.036493957957122077
0.17500000000000002,-31.847,-0.23464179482242273,-0.03771959176105709
0.18,-31.847,-0.23814347409744938,-0.038956459519354406
0.185,-31.847,-0.2417561511786918,-0.04020447614422276
0.19,-31.847,-0.2454682553811547,-0.04146334967718513
0.195,-31.847,-0.24926441677606426,-0.042732632643597786
0.2,-31.847,-0.25312616545599376,-0.04401192081799642
0.20500000000000002,-31.847,-0.25703667924320855,-0.0453008888798229
0.21,-31.847,-0.2609725208273733,-0.046599157779648875
0.215,-31.847,-0.2649086272568515,-0.047906346261325276
0.22,-31.847,-0.268820235758885,-0.04922206622606963
0.225,-31.847,-0.272683744877494,-0.050545937203310694
0.23,-31.847,-0.27647742872857073,-0.05187758977981651
0.23500000000000001,-31.847,-0.2801821924201309,-0.053216658498725034
0.24,-31.847,-0.2837818334990524,-0.05456278307939701
0.245,-31.847,-0.2872643558766657,-0.055915617905525565
0.25,-31.847,-0.2906221830673754,-0.0572748364476807
0.255,-31.847,-0.29385192650358066,-0.05864012865778078
0.26,-31.847,-0.2969540323649191,-0.060011203137724047
0.265,-31.847,-0.29993240560772233,-0.06138779651039646
0.27,-31.847,-0.302794018036005,-0.06276967621136222
0.275,-31.847,-0.3055485416841274,-0.06415663157181022
0.28,-31.847,-0.3082079242747431,-0.06554846598920194
0.28500000000000003,-31.847,-0.31078608014867576,-0.06694500689835309
0.29,-31.847,-0.31329857807054556,-0.06834610585916837
0.295,-31.847,-0.31576218059022426,-0.06975160183201182
0.3,-31.847,-0.3181942694680685,-0.07116131595684184
0.305,-31.847,-0.32061219464184443,-0.07257511099493578
0.31,-31.847,-0.3230325090271537,-0.07399287056489103
0.315,-31.847,-0.3254701803784821,-0.07541438960282461
0.32,-31.847,-0.3279380133510066,-0.07683945241705821
0.325,-31.847,-0.33044634676679285,-0.07826801053285382
0.33,-31.847,-0.33300278455906146,-0.07969997950030859
0.335,-31.847,-0.33561193231579034,-0.08113497390140481
0.34,-31.847,-0.3382756160929573,-0.08257275102791982
0.34500000000000003,-31.847,-0.3409933995541158,-0.08401356002780908
0.35000000000000003,-31.847,-0.34376239182139845,-0.08545723814219447
0.355,-31.847,-0.3465771033356432,-0.08690281370139501
0.36,-31.847,-0.3494309618581744,-0.08835025015636092
0.365,-31.847,-0.3523168394409466,-0.0898006311047982
0.37,-31.847,-0.3552243053190131,-0.09125312138550888
0.375,-31.847,-0.3581404097557574,-0.0927059178408676
0.38,-31.847,-0.361053952970011,-0.09415979581995687
0.385,-31.847,-0.3639553454678599,-0.09561655066893124
0.39,-31.847,-0.3668323586149833,-0.09707452641490377
0.395,-31.847,-0.36967123836294846,-0.0985307080936892
0.4,-31.847,-0.37246327497782505,-0.0999876182213747
0.405,-31.847,-0.3752021889225118,-0.10144840812547276
0.41000000000000003,-31.847,-0.37787872144537227,-0.10290902797647927
0.41500000000000004,-31.847,-0.3804877851838681,-0.10436560568144329
0.42,-31.847,-0.3830315586616818,-0.10582274885544056
0.425,-31.847,-0.3855093644920565,-0.10728307981935753
0.43,-31.847,-0.3879166390153247,-0.10874265727279661
0.435,-31.847,-0.39025442946634276,-0.11019884967347518
0.44,-31.847,-0.3925313996328705,-0.11165455495583082
0.445,-31.847,-0.3947555688858218,-0.11311194194694818
0.45,-31.847,-0.3969304988047308,-0.11456854842910974
0.455,-31.847,-0.3990618176696968,-0.1160223682349195
0.46,-31.847,-0.4011576951641951,-0.11747543528721847
0.465,-31.847,-0.4032273612756079,-0.11892838681973937
0.47000000000000003,-31.847,-0.40527980655196993,-0.12038036416749898
0.47500000000000003,-31.847,-0.4073220143815991,-0.12183081020606179
0.48,-31.847,-0.40936212670751554,-0.12327983672822819
0.485,-31.847,-0.4114068406415619,-0.12472788012784877
0.49,-31.847,-0.4134615440165577,-0.12617480891792923
0.495,-31.847,-0.41553133385088425,-0.12762014534870367
0.5,-31.847,-0.4176208088609082,-0.12906382474449643
0.505,-31.847,-0.41973253738852456,-0.13050610058816803
0.51,-31.847,-0.42186619221230276,-0.1319469192368029
0.515,-31.847,-0.42401915344453733,-0.133385921547223
0.52,-31.847,-0.42618962054509135,-0.13482306845199007
0.525,-31.847,-0.42837582382650297,-0.1362583797038945
0.53,-31.847,-0.43057506719617056,-0.13769174196511233
0.535,-31.847,-0.43278415022637623,-0.13912300348288878
0.54,-31.847,-0.43499778654686294,-0.14055203413859058
0.545,-31.847,-0.437209724057694,-0.14197877922797633
0.55,-31.847,-0.4394138025425013,-0.14340316787648424
0.555,-31.847,-0.44160451531751105,-0.14482505962527178
0.56,-31.847,-0.4437768246058516,-0.14624431067337043
0.5650000000000001,-31.847,-0.4459257748330348,-0.14766084928098724
0.5700000000000001,-31.847,-0.44804605670153297,-0.14907464911843563
0.5750000000000001,-31.847,-0.45013259303679315,-0.15048561441194203
0.58,-31.847,-0.4521820291646129,-0.15189359777255532
0.585,-31.847,-0.4541938262989345,-0.1532985381995907
0.59,-31.847,-0.4561681875522975,-0.15470040011156905
0.595,-31.847,-0.4581048861375134,-0.15609908370569842
0.6,-31.847,-0.46000326637803923,-0.15749450677103216
0.605,-31.847,-0.4618635476519177,-0.1588866804518144
0.61,-31.847,-0.46368804610006215,-0.16027561921005468
0.615,-31.847,-0.46548179279973406,-0.16166122781898987
0.62,-31.847,-0.4672482801302957,-0.16304341819134704
0.625,-31.847,-0.46899031235340444,-0.1644221872731474
0.63,-31.847,-0.4707107033406926,-0.16579756193366835
0.635,-31.847,-0.4724123683296212,-0.16716953810469762
0.64,-31.847,-0.47410002419043734,-0.16853808743828083
0.645,-31.847,-0.47577911739078893,-0.16990316231023592
0.65,-31.847,-0.47745444416194494,-0.17126472255450098
0.655,-31.847,-0.47912914639244664,-0.1726227517802372
0.66,-31.847,-0.48080503590602897,-0.17397725013492782
0.665,-31.847,-0.4824833708426797,-0.1753282223616273
0.67,-31.847,-0.4841663798499429,-0.17667564400343366
0.675,-31.847,-0.4858565449017469,-0.17801945519708062
0.68,-31.847,-0.48755469385397116,-0.1793595984813045
0.685,-31.847,-0.4892592570338836,-0.18069606123875548
0.6900000000000001,-31.847,-0.4909675409023652,-0.18202885916673664
0.6950000000000001,-31.847,-0.4926777720204236,-0.18335797146218835
0.7000000000000001,-31.847,-0.4943896553227728,-0.1846832988148864
0.705,-31.847,-0.4961026921591583,-0.18600476139781116
0.71,-31.847,-0.4978144388185347,-0.187322327954723
0.715,-31.847,-0.4995212635801926,-0.1886359895944244
0.72,-31.847,-0.5012196314081155,-0.189945722064848
0.725,-31.847,-0.502906820957984,-0.19125147452796268
0.73,-31.847,-0.5045807445013277,-0.19255318548124858
0.735,-31.847,-0.5062397885178521,-0.19385080757529893
0.74,-31.847,-0.5078815973414682,-0.1951443049666676
0.745,-31.847,-0.5095035748848684,-0.19643366237314788
0.75,-31.847,-0.51110355894325,-0.19771886778650846
0.755,-31.847,-0.5126804649670745,-0.19899989297463724
0.76,-31.847,-0.5142344105536719,-0.20027668580882518
0.765,-31.847,-0.5157659952897843,-0.20154921151067887
0.77,-31.847,-0.5172755556928872,-0.20281745768722162
0.775,-31.847,-0.5187634713195557,-0.20408142554827177
0.78,-31.847,-0.5202303487876021,-0.20534111397919186
0.785,-31.847,-0.5216774607986582,-0.20659652183685093
0.79,-31.847,-0.5231066470675896,-0.20784764021979765
0.795,-31.847,-0.52451994908326,-0.2090944588895998
0.8,-31.847,-0.5259192332180493,-0.210336978068581
0.805,-31.847,-0.52730616141476,-0.21157520859325674
0.81,-31.847,-0.5286824867200972,-0.21280916302211356
0.8150000000000001,-31.847,-0.530050399239125,-0.2140388464695233
0.8200000000000001,-31.847,-0.5314125210432188,-0.21526425111576153
0.8250000000000001,-31.847,-0.5327712261455753,-0.2164853657010303
0.8300000000000001,-31.847,-0.5341278209226366,-0.21770219204281785
0.835,-31.847,-0.5354825378260659,-0.21891474631464247
0.84,-31.847,-0.5368355430265381,-0.22012303923776794
0.845,-31.847,-0.5381879616703832,-0.22132705577686673
0.85,-31.847,-0.539541051758944,-0.22252677413021704
0.855,-31.847,-0.540894984128179,-0.22372218829188462
0.86,-31.847,-0.5422484938122736,-0.22491331423601008
0.865,-31.847,-0.5435998015173158,-0.22610016829264068
0.87,-31.847,-0.5449479024063706,-0.22728273744996363
0.875,-31.847,-0.5462928601035164,-0.2284609683440252
0.88,-31.847,-0.5476345404119143,-0.2296348280323403
0.885,-31.847,-0.548971614181073,-0.23080431741911125
0.89,-31.847,-0.5503020809124,-0.2319694523149351
0.895,-31.847,-0.5516243713057907,-0.23313023816929485
0.9,-31.847,-0.5529369576179608,-0.23428666610044932
0.905,-31.847,-0.5542389581604168,-0.23543870353449256
0.91,-31.847,-0.5555297370172604,-0.23658631644426578
0.915,-31.847,-0.55680827120059,-0.23772949842707114
0.92,-31.847,-0.5580728907259047,-0.23886827681310913
0.925,-31.847,-0.5593229765464243,-0.24000266429904094
0.93,-31.847,-0.5605586371975949,-0.2411326541664207
0.935,-31.847,-0.5617803702052158,-0.24225822885082202
0.9400000000000001,-31.847,-0.5629885550187488,-0.24337937644508845
0.9450000000000001,-31.847,-0.5641834316873242,-0.24449609813769987
0.9500000000000001,-31.847,-0.565365053084148,-0.24560840968668063
0.9550000000000001,-31.847,-0.566533694978539,-0.24671633190045
0.96,-31.847,-0.5676902285348165,-0.24781987931599672
0.965,-31.847,-0.5688360027684322,-0.24891905560137817
0.97,-31.847,-0.5699723025315573,-0.25001386245258106
0.975,-31.847,-0.5710999231227486,-0.25110431209574524
0.98,-31.847,-0.5722193182904525,-0.25219042738947806
0.985,-31.847,-0.5733311778876748,-0.2532722285114517
0.99,-31.847,-0.5744368062634387,-0.25434972180651727
0.995,-31.847,-0.5755381144646583,-0.25542290566651604
1,-31.847,-0.5766358936150561,-0.2564917879512672
1.0050000000000001,-31.847,-0.5777304239055219,-0.25755639020177773
1.01,-31.847,-0.5788217598078982,-0.2586167312452506
1.0150000000000001,-31.847,-0.5799100394886347,-0.25967281889950194
1.02,-31.847,-0.5809955223749064,-0.2607246540903865
1.025,-31.847,-0.5820784025088004,-0.2617722395302459
1.03,-31.847,-0.5831586252959549,-0.2628155841251297
1.035,-31.847,-0.5842358702999989,-0.2638547005355616
1.04,-31.847,-0.5853096779814041,-0.2648895993333136
1.045,-31.847,-0.5863795837317641,-0.265920285062212
1.05,-31.847,-0.5874451545075461,-0.2669467569882341
1.055,-31.847,-0.5885059345398505,-0.2679690133044039
1.06,-31.847,-0.589561382058276,-0.26898705524608646
1.065,-31.847,-0.5906108652074259,-0.2700008883118899
1.07,-31.847,-0.5916537183750086,-0.271010520466324
1.075,-31.847,-0.5926893109179562,-0.27201595942194806
1.08,-31.847,-0.5937170853155476,-0.27301721124045464
1.085,-31.847,-0.594736561518529,-0.27401428091498187
1.09,-31.847,-0.5957473345695006,-0.27500717395299884
1.095,-31.847,-0.5967490890298421,-0.27599589754759857
1.1,-31.847,-0.5977416278255818,-0.2769804606729198
1.105,-31.847,-0.5987248935223858,-0.2779608734337532
1.11,-31.847,-0.5996989637129604,-0.27893714641747586
1.115,-31.847,-0.6006640222035268,-0.2799092905261206
1.12,-31.847,-0.6016203242429312,-0.2808773172519537
1.125,-31.847,-0.6025681740508131,-0.28184123906606035
1.1300000000000001,-31.847,-0.6035079195007782,-0.28280106963534807
1.135,-31.847,-0.6044399552449317,-0.28375682378508116
1.1400000000000001,-31.847,-0.6053647221404062,-0.2847085172637714
1.145,-31.847,-0.6062826973654682,-0.2856561663862287
1.1500000000000001,-31.847,-0.607194378187701,-0.28659978761060423
1.155,-31.847,-0.6081002656643368,-0.28753939712408993
1.16,-31.847,-0.6090008515957468,-0.28847501055177
1.165,-31.847,-0.609896607204306,-0.2894066428885277
1.17,-31.847,-0.6107879700487219,-0.29033430865461224
1.175,-31.847,-0.6116753277735565,-0.2912580221508621
1.18,-31.847,-0.6125590009650577,-0.29217779763755014
1.185,-31.847,-0.6134392294293274,-0.29309364932605103
1.19,-31.847,-0.6143161653760826,-0.2940055912058641
1.195,-31.847,-0.6151898743980476,-0.29491363683014504
1.2,-31.847,-0.6160603427461732,-0.29581779918531065
1.205,-31.847,-0.616927488358878,-0.2967180906886652
1.21,-31.847,-0.6177911732694776,-0.2976145232664442
1.215,-31.847,-0.6186512156491512,-0.29850710843101763
1.22,-31.847,-0.6195074003520242,-0.29939585731348134
1.225,-31.847,-0.6203594874145859,-0.3002807806734841
1.23,-31.847,-0.621207218666886,-0.3011618889468398
1.235,-31.847,-0.6220503233365614,-0.30203919237662336
1.24,-31.847,-0.6228885239246947,-0.3029127012211158
1.245,-31.847,-0.623721543442197,-0.3037824259823582
1.25,-31.847,-0.6245491144039198,-0.30464837758412544
1.2550000000000001,-31.847,-0.6253709891693743,-0.30551056745304983
1.26,-31.847,-0.6261869506778523,-0.30636900750203044
1.2650000000000001,-31.847,-0.6269968224809512,-0.30722371005405436
1.27,-31.847,-0.6278004770945234,-0.3080746877591858
1.2750000000000001,-31.847,-0.6285978418776332,-0.3089219535463336
1.28,-31.847,-0.6293889018265446,-0.30976552062519974
1.285,-31.847,-0.6301736989244288,-0.3106054025277317
1.29,-31.847,-0.6309523281038933,-0.311441613163231
1.295,-31.847,-0.6317249304224396,-0.3122741668604513
1.3,-31.847,-0.6324916845346201,-0.3131030783797379
1.305,-31.847,-0.6332527977480086,-0.3139283628909128
1.31,-31.847,-0.6340084977663011,-0.31475003592167033
1.315,-31.847,-0.6347590257290407,-0.3155681132840012
1.32,-31.847,-0.6355046305648375,-0.31638261098428044
1.325,-31.847,-0.6362455642104085,-0.31719354512074166
1.33,-31.847,-0.6369820770492193,-0.31800093177342414
1.335,-31.847,-0.6377144130021887,-0.3188047868962136
1.34,-31.847,-0.6384428039767844,-0.3196051262252234
1.345,-31.847,-0.6391674637298801,-0.32040196521751224
1.35,-31.847,-0.6398885815188281,-0.32119531902761245
1.355,-31.847,-0.6406063161324764,-0.32198520251848306
1.36,-31.847,-0.641320790973681,-0.32277163029313377
1.365,-31.847,-0.6420320908018732,-0.3235546167285307
1.37,-31.847,-0.6427402605569329,-0.32433417599625003
1.375,-31.847,-0.6434453064132913,-0.32511032206336765
1.3800000000000001,-31.847,-0.6441471989100677,-0.32588306867738687
1.385,-31.847,-0.6448458777300824,-0.32665242934621486
1.3900000000000001,-31.847,-0.6455412575144746,-0.32741841732616495
1.395,-31.847,-0.6462332340401362,-0.32818104562782224
1.4000000000000001,-31.847,-0.646921690166373,-0.3289403270440207
1.405,-31.847,-0.647606501151756,-0.32969627419835207
1.41,-31.847,-0.6482875391979642,-0.330448899609008
1.415,-31.847,-0.6489646773212951,-0.3311982157607442
1.42,-31.847,-0.6496377928159087,-0.33194423517726107
1.425,-31.847,-0.6503067706140084,-0.33268697048666596
1.43,-31.847,-0.6509715067651333,-0.3334264344736268
1.435,-31.847,-0.6516319120863575,-0.334162640113599
1.44,-31.847,-0.6522879158378743,-0.33489560058733475
1.445,-31.847,-0.6529394691169181,-0.33562532927757566
1.45,-31.847,-0.6535865475819607,-0.3363518397531801
1.455,-31.847,-0.6542291531369194,-0.3370751457480265
1.46,-31.847,-0.6548673143120908,-0.33779526114185854
1.465,-31.847,-0.6555010852452776,-0.3385121999477402
1.47,-31.847,-0.6561305433532842,-0.3392259763068907
1.475,-31.847,-0.6567557859504455,-0.3399366044880667
1.48,-31.847,-0.65737692618348,-0.34064409888580705
1.485,-31.847,-0.6579940886908162,-0.34134847401165036
1.49,-31.847,-0.6586074053557374,-0.34204974447418085
1.495,-31.847,-0.6592170114202596,-0.34274792494662615
1.5,-31.847,-0.6598230420889128,-0.3434430301238373
1.5050000000000001,-31.847,-0.6604256296152535,-0.3441350746729493
1.51,-31.847,-0.6610249007630496,-0.34482407318346586
1.5150000000000001,-31.847,-0.6616209744919714,-0.3455100401221453
1.52,-31.847,-0.6622139597406502,-0.3461929897973013
1.5250000000000001,-31.847,-0.6628039532549648,-0.3468729363351718
1.53,-31.847,-0.6633910375099583,-0.3475498936689025
1.5350000000000001,-31.847,-0.6639752788674567,-0.34822387553875067
1.54,-31.847,-0.6645567261696435,-0.3488948955005025
1.545,-31.847,-0.665135409974429,-0.3495629669382282
1.55,-31.847,-0.66571134258968,-0.3502281030775867
1.555,-31.847,-0.6662845189726999,-0.3508903169969949
1.56,-31.847,-0.6668549184513164,-0.35154962163560305
1.565,-31.847,-0.6674225071194819,-0.3522060297989128
1.57,-31.847,-0.6679872406857891,-0.3528595541643655
1.575,-31.847,-0.6685490675222127,-0.3535102072897628
1.58,-31.847,-0.6691079316760573,-0.3541580016269519
1.585,-31.847,-0.6696637756627251,-0.35480294954204994
1.59,-31.847,-0.6702165429345055,-0.3554450633417722
1.595,-31.847,-0.6707661800011961,-0.35608435530370564
1.6,-31.847,-0.6713126382422121,-0.356720837707438
1.605,-31.847,-0.6718558754835731,-0.3573545228630878
1.61,-31.847,-0.6723958574115182,-0.35798542313411685
1.615,-31.847,-0.672932558862191,-0.35861355095242164
1.62,-31.847,-0.6734659649767996,-0.3592389188251892
1.625,-31.847,-0.67399607216004,-0.359861539334146
1.6300000000000001,-31.847,-0.6745228887435208,-0.3604814251290385
1.635,-31.847,-0.675046435246434,-0.36109858891765695
1.6400000000000001,-31.847,-0.6755667441465538,-0.3617130434546253
1.645,-31.847,-0.6760838591216431,-0.3623248015307519
1.6500000000000001,-31.847,-0.6765978337827232,-0.3629338759638339
1.655,-31.847,-0.6771087299822984,-0.36354027959065643
1.6600000000000001,-31.847,-0.6776166158285782,-0.3641440252593194
1.665,-31.847,-0.67812156356086,-0.3647451258204269
1.67,-31.847,-0.6786236474380505,-0.36534359411589057
1.675,-31.847,-0.6791229417645408,-0.3659394429644939
1.68,-31.847,-0.6796195191340738,-0.36653268514437815
1.685,-31.847,-0.6801134489239985,-0.3671233333733772
1.69,-31.847,-0.6806047960309286,-0.3677114002888432
1.695,-31.847,-0.6810936198133574,-0.36829689842903474
1.7,-31.847,-0.6815799732006977,-0.3688798402179388
1.705,-31.847,-0.6820639019405761,-0.3694602379548423
1.71,-31.847,-0.6825454439805744,-0.3700381038092964
1.715,-31.847,-0.6830246290081797,-0.37061344982116545
1.72,-31.847,-0.6835014781941708,-0.37118628790479746
1.725,-31.847,-0.6839760041928425,-0.3717566298559156
1.73,-31.847,-0.6844482114440897,-0.3723244873598745
1.735,-31.847,-0.6849180967986924,-0.3728898720000304
1.74,-31.847,-0.6853856504545774,-0.37345279526552805
1.745,-31.847,-0.6858508571561865,-0.3740132685584015
1.75,-31.847,-0.686313697579425,-0.3745713032003904
1.7550000000000001,-31.847,-0.6867741498073425,-0.37512691044006347
1.76,-31.847,-0.687232190800126,-0.37568010146099323
1.7650000000000001,-31.847,-0.6876877977761897,-0.37623088739147137
1.77,-31.847,-0.6881409494452895,-0.37677927931571686
1.7750000000000001,-31.847,-0.6885916270631725,-0.3773252882861927
1.78,-31.847,-0.6890398153037309,-0.3778689253360208
1.7850000000000001,-31.847,-0.689485502963351,-0.3784102014904949
1.79,-31.847,-0.6899286835199203,-0.37894912777655565
1.795,-31.847,-0.6903693555659908,-0.37948571522925395
1.8,-31.847,-0.6908075231245429,-0.38001997489485423
1.805,-31.847,-0.6912431958414639,-0.3805519178305732
1.81,-31.847,-0.6916763890364731,-0.3810815551014812
1.815,-31.847,-0.6921071235882308,-0.3816088977753296
1.82,-31.847,-0.6925354256322173,-0.3821339569162126
1.825,-31.847,-0.6929613260617001,-0.3826567435778669
1.83,-31.847,-0.6933848598399945,-0.3831772687971229
1.835,-31.847,-0.693806065152524,-0.38369554358776764
1.84,-31.847,-0.6942249824451011,-0.38421157893471963
1.845,-31.847,-0.6946416534063141,-0.38472538578820203
1.85,-31.847,-0.6950561199548483,-0.38523697505756715
1.855,-31.847,-0.6954684232864785,-0.38574635760456816
1.86,-31.847,-0.6958786030224593,-0.38625354423594405
1.865,-31.847,-0.696286696484153,-0.3867585456955658
1.87,-31.847,-0.6966927381020912,-0.387261372656662
1.875,-31.847,-0.6970967589545651,-0.3877620357146639
1.8800000000000001,-31.847,-0.6974987864235954,-0.3882605453813797
1.885,-31.847,-0.6978988439551617,-0.3887569120810513
1.8900000000000001,-31.847,-0.6982969509149399,-0.3892511461485004
1.895,-31.847,-0.6986931225377798,-0.3897432578295092
1.9000000000000001,-31.847,-0.699087369976105,-0.3902332572831487
1.905,-31.847,-0.6994797004563462,-0.39072115458560924
1.9100000000000001,-31.847,-0.6998701175520804,-0.3912069597349451
1.915,-31.847,-0.7002586215768993,-0.3916906826562298
1.92,-31.847,-0.700645210090696,-0.3921723332067918
1.925,-31.847,-0.7010298785017546,-0.3926519211811928
1.93,-31.847,-0.7014126207364896,-0.3931294563160047
1.935,-31.847,-0.7017934299412837,-0.39360494829439885
1.94,-31.847,-0.7021722991782925,-0.3940784067507712
1.945,-31.847,-0.7025492220796489,-0.3945498412755695
1.95,-31.847,-0.7029241934314793,-0.39501926142029675
1.955,-31.847,-0.703297209668954,-0.3954866767026353
1.96,-31.847,-0.7036682692740561,-0.39595209661145386
1.965,-31.847,-0.7040373730765814,-0.3964155306113165
1.97,-31.847,-0.7044045244647065,-0.39687698814617534
1.975,-31.847,-0.7047697295137437,-0.39733647864186533
1.98,-31.847,-0.7051329970406127,-0.39779401150728433
1.985,-31.847,-0.7054943385883614,-0.3982495961341132
1.99,-31.847,-0.7058537683414998,-0.3987032418952564
1.995,-31.847,-0.7062113029703121,-0.3991549581422288
2,-31.847,-0.7065669614021256,-0.39960475420186314
2.005,-31.847,-0.7069207645199044,-0.40005263937259683
2.0100000000000002,-31.847,-0.707272734793434,-0.4004986229207654
2.015,-31.847,-0.7076228958543462,-0.400942714076941
2.02,-31.847,-0.7079712720323765,-0.4013849220324426
2.025,-31.847,-0.7083178878748108,-0.401825255936052
2.0300000000000002,-31.847,-0.7086627676729828,-0.40226372489089557
2.035,-31.847,-0.7090059350186605,-0.4027003379512922
2.04,-31.847,-0.7093474124095408,-0.4031351041195962
2.045,-31.847,-0.709687220917243,-0.4035680323431807
2.05,-31.847,-0.7100253799248356,-0.40399913151154687
2.055,-31.847,-0.7103619051786315,-0.4044284097287298
2.06,-31.847,-0.7106968142880519,-0.4048558773589437
2.065,-31.847,-0.7110301215069912,-0.4052815429802187
2.07,-31.847,-0.7113618380710672,-0.4057054138631028
2.075,-31.847,-0.7116919733404169,-0.40612749826271105
2.08,-31.847,-0.7120205350731798,-0.40654780577393357
2.085,-31.847,-0.712347528966568,-0.40696634568061063
2.09,-31.847,-0.7126729584657742,-0.4073831257613582
2.095,-31.847,-0.7129968254313209,-0.40779815322838076
2.1,-31.847,-0.7133191310480906,-0.40821143644936503
2.105,-31.847,-0.7136398760596002,-0.40862298482766274
2.11,-31.847,-0.7139590604188607,-0.40903280699027594
2.115,-31.847,-0.7142766833778984,-0.40944091013152667
2.12,-31.847,-0.7145927444413827,-0.40984730153556476
2.125,-31.847,-0.7149072442501392,-0.4102519898529568
2.13,-31.847,-0.7152201845024082,-0.4106549841673514
2.1350000000000002,-31.847,-0.7155315674776704,-0.4110562923818084
2.14,-31.847,-0.7158413962645065,-0.41145592142498766
2.145,-31.847,-0.7161496755704999,-0.41185387888593444
2.15,-31.847,-0.7164564120050301,-0.41225017353502613
2.1550000000000002,-31.847,-0.7167616135093715,-0.4126448139871968
2.16,-31.847,-0.7170652888649268,-0.41303780761058445
2.165,-31.847,-0.7173674479912904,-0.41342916133248475
2.17,-31.847,-0.7176681024641773,-0.4138188830499997
2.1750000000000003,-31.847,-0.7179672653340348,-0.4142069814734458
2.18,-31.847,-0.7182649503839029,-0.4145934646900641
2.185,-31.847,-0.7185611717603585,-0.4149783396776214
2.19,-31.847,-0.718855944255871,-0.41536161347487427
2.195,-31.847,-0.7191492834718572,-0.41574329416567674
2.2,-31.847,-0.7194412052594645,-0.4161233901806849
2.205,-31.847,-0.7197317249284634,-0.41650190903565415
2.21,-31.847,-0.7200208570492697,-0.4168788574449616
2.215,-31.847,-0.7203086157677566,-0.41725424258857896
2.22,-31.847,-0.7205950148189502,-0.4176280725629675
2.225,-31.847,-0.7208800669677149,-0.4180003553551779
2.23,-31.847,-0.721163783552037,-0.4183710979486026
2.235,-31.847,-0.7214461746954652,-0.4187403069144556
2.24,-31.847,-0.7217272497792944,-0.41910798953813955
2.245,-31.847,-0.7220070174284174,-0.4194741537482551
2.25,-31.847,-0.722285485060574,-0.41983880699514886
2.255,-31.847,-0.7225626587363572,-0.42020195581953906
2.2600000000000002,-31.847,-0.7228385435916949,-0.4205636067463592
2.265,-31.847,-0.7231131442708095,-0.42092376710430585
2.27,-31.847,-0.7233864648330515,-0.4212824445307054
2.275,-31.847,-0.7236585084633884,-0.42163964595971487
2.2800000000000002,-31.847,-0.7239292776419078,-0.42199537765057954
2.285,-31.847,-0.7241987747432221,-0.4223496461816633
2.29,-31.847,-0.7244670024127006,-0.4227024588711997
2.295,-31.847,-0.7247339634422156,-0.4230538230058779
2.3000000000000003,-31.847,-0.7249996606314759,-0.4234037450883272
2.305,-31.847,-0.7252640970966013,-0.4237522312470438
2.31,-31.847,-0.7255272767439351,-0.42409928815155223
2.315,-31.847,-0.725789204329127,-0.42444492303011455
2.32,-31.847,-0.7260498851188366,-0.42478914279367813
2.325,-31.847,-0.726309324735064,-0.42513195362525985
2.33,-31.847,-0.7265675294362537,-0.42547336164439165
2.335,-31.847,-0.7268245063945653,-0.4258133736061842
2.34,-31.847,-0.7270802635291034,-0.42615199657438046
2.345,-31.847,-0.7273348091274736,-0.4264892370958911
2.35,-31.847,-0.7275881517888477,-0.42682510114246924
2.355,-31.847,-0.7278403007001628,-0.42715959488200606
2.36,-31.847,-0.7280912657238994,-0.42749272508260805
2.365,-31.847,-0.7283410570399084,-0.42782449854675564
2.37,-31.847,-0.7285896847285328,-0.42815492146179523
2.375,-31.847,-0.728837158730767,-0.428483999652877
2.38,-31.847,-0.7290834890258283,-0.42881173932727995
2.3850000000000002,-31.847,-0.7293286855478691,-0.4291381471672319
2.39,-31.847,-0.7295727577903948,-0.4294632296495214
2.395,-31.847,-0.7298157145473911,-0.4297869926444129
2.4,-31.847,-0.7300575640554255,-0.43010944189150735
2.4050000000000002,-31.847,-0.7302983142306536,-0.4304305836048372
2.41,-31.847,-0.7305379726050225,-0.4307504242865924
2.415,-31.847,-0.7307765460649531,-0.4310689700540497
2.42,-31.847,-0.731014040803144,-0.4313862265117707
2.4250000000000003,-31.847,-0.7312504625561009,-0.4317021993459376
2.43,-31.847,-0.7314858167618534,-0.43201689472110805
2.435,-31.847,-0.7317201084124649,-0.43233031888659146
2.44,-31.847,-0.7319533418667419,-0.4326424776127963
2.445,-31.847,-0.7321855209690756,-0.4329533763166416
2.45,-31.847,-0.7324166493719717,-0.4332630206680921
2.455,-31.847,-0.7326467306744161,-0.4335714167486639
2.46,-31.847,-0.7328757682970591,-0.43387857053662704
2.465,-31.847,-0.7331037654363468,-0.4341844875168239
2.47,-31.847,-0.7333307253265252,-0.43448917300088746
2.475,-31.847,-0.733556651564743,-0.4347926326537575
2.48,-31.847,-0.7337815481396538,-0.4350948724264091
2.485,-31.847,-0.7340054192189118,-0.43539589801545314
2.49,-31.847,-0.7342282690716859,-0.43569571468132484
2.495,-31.847,-0.7344501022611064,-0.43599432769076923
2.5,-31.847,-0.7346709238187722,-0.43629174269841
2.505,-31.847,-0.7348907391425079,-0.4365879654934587
2.5100000000000002,-31.847,-0.735109553775654,-0.43688300151235826
2.515,-31.847,-0.7353273733936637,-0.4371768558602305
2.52,-31.847,-0.7355442040024792,-0.43746953379492876
2.525,-31.847,-0.7357600520393528,-0.4377610409299426
2.5300000000000002,-31.847,-0.7359749242198526,-0.4380513828563007
2.535,-31.847,-0.7361888273383566,-0.4383405647678556
2.54,-31.847,-0.7364017682532188,-0.43862859165351537
2.545,-31.847,-0.7366137539656581,-0.4389154687507468
2.5500000000000003,-31.847,-0.7368247915483653,-0.43920120157038195
2.555,-31.847,-0.7370348879228824,-0.43948579546825167
2.56,-31.847,-0.7372440497296789,-0.4397692554219432
2.565,-31.847,-0.7374522833969126,-0.4400515863427978
2.57,-31.847,-0.7376595952141352,-0.4403327934373963
2.575,-31.847,-0.7378659912292607,-0.44061288207176236
2.58,-31.847,-0.7380714770946442,-0.440891857355757
2.585,-31.847,-0.7382760581066318,-0.4411697240804587
2.59,-31.847,-0.7384797394108924,-0.44144648709261214
2.595,-31.847,-0.7386825260863323,-0.4417221515304345
2.6,-31.847,-0.738884422976556,-0.44199672257029377
2.605,-31.847,-0.739085434496202,-0.44227020507974046
2.61,-31.847,-0.7392855646787122,-0.4425426037020855
2.615,-31.847,-0.7394848173955427,-0.4428139232337889
2.62,-31.847,-0.7396831964535684,-0.44308416871951745
2.625,-31.847,-0.7398807054808703,-0.44335334513126745
2.63,-31.847,-0.7400773478301754,-0.44362145712790074
2.6350000000000002,-31.847,-0.740273126702643,-0.4438885092562229
2.64,-31.847,-0.7404680453811939,-0.44415450627888275
2.645,-31.847,-0.740662107324448,-0.4444194531304871
2.65,-31.847,-0.7408553160862845,-0.4446833545760076
2.6550000000000002,-31.847,-0.7410476752540511,-0.4449462150935166
2.66,-31.847,-0.7412391885198628,-0.44520803915460994
2.665,-31.847,-0.7414298597710707,-0.44546883147407357
2.67,-31.847,-0.74161969306343,-0.44572859685623906
2.6750000000000003,-31.847,-0.7418086925313814,-0.4459873398788221
2.68,-31.847,-0.7419968623774362,-0.4462450648917329
2.685,-31.847,-0.7421842069389779,-0.4465017763235506
2.69,-31.847,-0.7423707307042662,-0.4467574788282626
2.695,-31.847,-0.7425564382503128,-0.44701217705785845
2.7,-31.847,-0.7427413342318266,-0.44726587541286383
2.705,-31.847,-0.7429254234842411,-0.44751857814491847
2.71,-31.847,-0.7431087110924217,-0.4477702896460912
2.715,-31.847,-0.7432912022607476,-0.4480210144840669
2.72,-31.847,-0.7434729020728457,-0.4482707571368049
2.725,-31.847,-0.7436538154027861,-0.44851952183368793
2.73,-31.847,-0.7438339470595683,-0.44876731274014764
2.735,-31.847,-0.7440133019364545,-0.4490141342008541
2.74,-31.847,-0.7441918849256746,-0.4492599906757652
2.745,-31.847,-0.7443697006745333,-0.44950488647310355
2.75,-31.847,-0.7445467534768551,-0.44974882568427016
2.755,-31.847,-0.7447230474250658,-0.4499918124110593
2.7600000000000002,-31.847,-0.7448985866280191,-0.45023385093421464
2.765,-31.847,-0.7450733752452884,-0.4504749455707456
2.77,-31.847,-0.7452474173370766,-0.45071510044362806
2.775,-31.847,-0.745420716731113,-0.4509543195154152
2.7800000000000002,-31.847,-0.7455932770324819,-0.45119260683182477
2.785,-31.847,-0.7457651017082672,-0.4514299666041745
2.79,-31.847,-0.745936194130309,-0.4516664030072041
2.795,-31.847,-0.7461065575623779,-0.4519019199992718
2.8000000000000003,-31.847,-0.7462761951471635,-0.4521365214352325
2.805,-31.847,-0.7464451099173296,-0.45237021130123495
2.81,-31.847,-0.7466133048270652,-0.4526029937220682
2.815,-31.847,-0.7467807828230605,-0.45283487273595907
2.82,-31.847,-0.7469475469560459,-0.4530658521747174
2.825,-31.847,-0.7471136004471324,-0.45329593581996747
2.83,-31.847,-0.747278946610501,-0.4535251275930071
2.835,-31.847,-0.7474435886887375,-0.4537534314975973
2.84,-31.847,-0.7476075298055409,-0.4539808514142783
2.845,-31.847,-0.7477707731377226,-0.45420739106194863
2.85,-31.847,-0.7479333221243702,-0.4544330541790879
2.855,-31.847,-0.748095180433652,-0.4546578446439653
2.86,-31.847,-0.7482563516780598,-0.45488176635226046
2.865,-31.847,-0.7484168392015169,-0.4551048230409541
2.87,-31.847,-0.748576646219718,-0.4553270183250875
2.875,-31.847,-0.748735776191413,-0.45554835588885934
2.88,-31.847,-0.7488942330135954,-0.4557688395420155
2.8850000000000002,-31.847,-0.7490520208185968,-0.4559884730607076
2.89,-31.847,-0.7492091435861408,-0.4562072600564144
2.895,-31.847,-0.7493656049614638,-0.45642520406763976
2.9,-31.847,-0.7495214084156367,-0.45664230872931544
2.9050000000000002,-31.847,-0.7496765575208497,-0.4568585777615511
2.91,-31.847,-0.7498310560367212,-0.4570740147987838
2.915,-31.847,-0.7499849077394323,-0.4572886233236997
2.92,-31.847,-0.7501381161828984,-0.4575024068096381
2.9250000000000003,-31.847,-0.7502906846200915,-0.45771536885668584
2.93,-31.847,-0.750442616146859,-0.45792751311234436
2.935,-31.847,-0.7505939139308498,-0.45813884308895425
2.94,-31.847,-0.7507445813115027,-0.4583493621455705
2.945,-31.847,-0.7508946216663344,-0.4585590736613667
2.95,-31.847,-0.7510440381637329,-0.45876798115018114
2.955,-31.847,-0.7511928336610959,-0.45897608815820246
2.96,-31.847,-0.7513410108789754,-0.45918339810272735
2.965,-31.847,-0.7514885726694193,-0.4593899142823945
2.97,-31.847,-0.7516355220464142,-0.4595956400265173
2.975,-31.847,-0.7517818618929918,-0.4598005787546369
2.98,-31.847,-0.7519275946725033,-0.46000473386971324
2.985,-31.847,-0.7520727225459906,-0.46020810866233625
2.99,-31.847,-0.7522172478672406,-0.46041070637456427
2.995,-31.847,-0.7523611735495562,-0.4606125303178227
3,-31.847,-0.7525045028647971,-0.46081358385533605
3.005,-31.847,-0.752647238838619,-0.4610138702710664
3.0100000000000002,-31.847,-0.7527893838827522,-0.46121339272591183
3.015,-31.847,-0.7529309400869263,-0.46141215437301647
3.02,-31.847,-0.7530719098877098,-0.4616101584636299
3.025,-31.847,-0.7532122964105538,-0.4618074082880786
3.0300000000000002,-31.847,-0.7533521031122857,-0.4620039070428281
3.035,-31.847,-0.7534913330817561,-0.46219965782198874
3.04,-31.847,-0.7536299887138954,-0.4623946637398767
3.045,-31.847,-0.7537680720945875,-0.4625889279926366
3.0500000000000003,-31.847,-0.753905585719618,-0.46278245376201216
3.055,-31.847,-0.7540425328405698,-0.4629752441089042
3.06,-31.847,-0.7541789171014719,-0.463167302026957
3.065,-31.847,-0.7543147418279019,-0.46335863058791504
3.0700000000000003,-31.847,-0.7544500096670878,-0.4635492329650791
3.075,-31.847,-0.7545847229159539,-0.46373911228935827
3.08,-31.847,-0.7547188841656096,-0.4639282715330835
3.085,-31.847,-0.7548524965582868,-0.4641167135817092
3.09,-31.847,-0.7549855633681913,-0.4643044413948176
3.095,-31.847,-0.7551180873708063,-0.4644914580441407
3.1,-31.847,-0.7552500707342168,-0.4646777665961179
3.105,-31.847,-0.7553815156030629,-0.46486337001006933
3.11,-31.847,-0.7555124247331959,-0.4650482711713441
3.115,-31.847,-0.7556428014094858,-0.4652324729774008
3.12,-31.847,-0.7557726486600072,-0.46541597834622744
3.125,-31.847,-0.7559019686293367,-0.46559879016480493
3.13,-31.847,-0.7560307628855389,-0.4657809112894496
3.1350000000000002,-31.847,-0.7561590334164515,-0.46596234460694586
3.14,-31.847,-0.7562867832275728,-0.46614309304469875
3.145,-31.847,-0.7564140157883645,-0.4663231594855903
3.15,-31.847,-0.7565407338103516,-0.4665025467009743
3.1550000000000002,-31.847,-0.7566669386512224,-0.4666812574102183
3.16,-31.847,-0.7567926310821115,-0.4668592943968213
3.165,-31.847,-0.7569178127445658,-0.4670366605221575
3.17,-31.847,-0.757042486833605,-0.46721335861951896
3.1750000000000003,-31.847,-0.7571666572524848,-0.4673893914212749
3.18,-31.847,-0.757290327020762,-0.46756476161921434
3.185,-31.847,-0.7574134975159286,-0.4677394719585429
3.19,-31.847,-0.7575361693371324,-0.4679135252163182
3.1950000000000003,-31.847,-0.757658343955051,-0.4680869240926248
3.2,-31.847,-0.7577800244934609,-0.4682596711854669
3.205,-31.847,-0.7579012148415508,-0.46843176910976503
3.21,-31.847,-0.7580219179948307,-0.46860322060738074
3.215,-31.847,-0.7581421353311937,-0.4687740284869088
3.22,-31.847,-0.7582618675732853,-0.46894419545175575
3.225,-31.847,-0.7583811164213385,-0.469113724025458
3.23,-31.847,-0.7584998851214471,-0.4692826166635801
3.235,-31.847,-0.7586181773722084,-0.469450875916795
3.24,-31.847,-0.7587359957847198,-0.4696185044683089
3.245,-31.847,-0.7588533416155184,-0.46978550503400474
3.25,-31.847,-0.7589702160753408,-0.4699518802516437
3.255,-31.847,-0.7590866217031568,-0.4701176326490697
3.2600000000000002,-31.847,-0.7592025621452649,-0.47028276467606783
3.265,-31.847,-0.7593180404664921,-0.47044727875949416
3.27,-31.847,-0.7594330578981889,-0.47061117737169844
3.275,-31.847,-0.7595476146169673,-0.47077446308425
3.2800000000000002,-31.847,-0.7596617119250089,-0.4709371385392145
3.285,-31.847,-0.7597753534680969,-0.47109920632429114
3.29,-31.847,-0.7598885439320571,-0.47126066886442286
3.295,-31.847,-0.7600012863394571,-0.4714215284615914
3.3000000000000003,-31.847,-0.7601135807823077,-0.4715817874548721
3.305,-31.847,-0.7602254261617596,-0.4717414483208484
3.31,-31.847,-0.7603368233820804,-0.47190051360249924
3.315,-31.847,-0.7604477767180379,-0.47205898576894284
3.3200000000000003,-31.847,-0.7605582917337276,-0.472216867186081
3.325,-31.847,-0.7606683716584826,-0.4723741602140315
3.33,-31.847,-0.7607780158906313,-0.4725308672700789
3.335,-31.847,-0.7608872223120068,-0.4726869907545306
3.34,-31.847,-0.7609959912283084,-0.4728425329492091
3.345,-31.847,-0.7611043269723099,-0.4729974960605075
3.35,-31.847,-0.7612122354846284,-0.4731518823899362
3.355,-31.847,-0.7613197202933011,-0.473305694423112
3.36,-31.847,-0.7614267809962859,-0.4734589346985694
3.365,-31.847,-0.7615334157713602,-0.4736116055757948
3.37,-31.847,-0.7616396252297729,-0.4737637091518657
3.375,-31.847,-0.7617454135407691,-0.4739152474244799
3.38,-31.847,-0.761850785712417,-0.47406622254714326
3.3850000000000002,-31.847,-0.761955744080722,-0.4742166369405043
3.39,-31.847,-0.7620602879054076,-0.47436649316693585
3.395,-31.847,-0.7621644165066807,-0.4745157936775729
3.4,-31.847,-0.7622681323636147,-0.47466454063347374
3.4050000000000002,-31.847,-0.7623714405321913,-0.4748127359447062
3.41,-31.847,-0.7624743448617931,-0.4749603815128431
3.415,-31.847,-0.7625768452947478,-0.4751074794946028
3.42,-31.847,-0.762678939626781,-0.4752540323550485
3.4250000000000003,-31.847,-0.7627806281767308,-0.4754000426357804
3.43,-31.847,-0.7628819161981207,-0.47554551263159495
3.435,-31.847,-0.7629828108427208,-0.47569044428331114
3.44,-31.847,-0.7630833153607898,-0.4758348393951168
3.4450000000000003,-31.847,-0.7631834267357938,-0.47597869995308595
3.45,-31.847,-0.7632831398993674,-0.47612202822336364
3.455,-31.847,-0.7633824547671823,-0.4762648265631719
3.46,-31.847,-0.7634813788106545,-0.47640709718911184
3.465,-31.847,-0.7635799219235474,-0.47654884215166543
3.47,-31.847,-0.7636780882669155,-0.47669006348031834
3.475,-31.847,-0.7637758733780945,-0.4768307632626455
3.48,-31.847,-0.7638732699149827,-0.4769709435505255
3.485,-31.847,-0.7639702765999624,-0.47711060625810336
3.49,-31.847,-0.7640669013139496,-0.47724975325671
3.495,-31.847,-0.7641631549749411,-0.4773883866124231
3.5,-31.847,-0.7642590422675208,-0.47752650867856344
3.505,-31.847,-0.7643545586833768,-0.47766412186167895
3.5100000000000002,-31.847,-0.7644496969116906,-0.47780122823668164
3.515,-31.847,-0.7645444559059594,-0.4779378294002879
3.52,-31.847,-0.7646388431757275,-0.47807392676711324
3.525,-31.847,-0.7647328680776584,-0.47820952208991874
3.5300000000000002,-31.847,-0.7648265334949583,-0.47834461773299963
3.535,-31.847,-0.7649198349385999,-0.4784792164038337
3.54,-31.847,-0.7650127678842017,-0.4786133205237904
3.545,-31.847,-0.7651053349697781,-0.47874693177993377
3.5500000000000003,-31.847,-0.7651975447326298,-0.47888005129568795
3.555,-31.847,-0.765289403087906,-0.47901268032595284
3.56,-31.847,-0.7653809073224315,-0.4791448208750543
3.565,-31.847,-0.7654720501234203,-0.4792764756535805
3.5700000000000003,-31.847,-0.7655628299460153,-0.47940764738109193
3.575,-31.847,-0.7656532560819601,-0.479538338070956
3.58,-31.847,-0.7657433415889209,-0.47966854896502314
3.585,-31.847,-0.7658330905180908,-0.47979828115580875
3.59,-31.847,-0.7659224933310782,-0.4799275362719438
3.595,-31.847,-0.7660115369305475,-0.4800563165888882
3.6,-31.847,-0.7661002201397659,-0.480184624550975
3.605,-31.847,-0.7661885582951315,-0.4803124622618754
3.61,-31.847,-0.7662765706614274,-0.4804398314241888
3.615,-31.847,-0.7663642623073528,-0.4805667336433574
3.62,-31.847,-0.7664516191152829,-0.4806931706432023
3.625,-31.847,-0.7665386222362119,-0.4808191441652412
3.63,-31.847,-0.7666252683033816,-0.4809446558045035
3.6350000000000002,-31.847,-0.7667115748644469,-0.48106970714114655
3.64,-31.847,-0.7667975648314629,-0.4811943001104722
3.645,-31.847,-0.7668832452291303,-0.4813184371315146
3.65,-31.847,-0.7669686018301031,-0.4814421206577637
3.6550000000000002,-31.847,-0.7670536152304027,-0.4815653524534246
3.66,-31.847,-0.7671382817857281,-0.4816881333468507
3.665,-31.847,-0.7672226177989622,-0.48181046389283244
3.67,-31.847,-0.7673066430141364,-0.4819323454880975
3.6750000000000003,-31.847,-0.7673903613262418,-0.48205378089346707
3.68,-31.847,-0.7674737593159005,-0.4821747735118846
3.685,-31.847,-0.7675568236756869,-0.48229532591487106
3.69,-31.847,-0.7676395578479503,-0.48241543894247507
3.6950000000000003,-31.847,-0.7677219790596086,-0.48253511232368856
3.7,-31.847,-0.767804098947247,-0.48265434639119187
3.705,-31.847,-0.7678859100457901,-0.4827731433576963
3.71,-31.847,-0.767967394762129,-0.48289150692085564
3.715,-31.847,-0.7680485481280341,-0.4830094404951009
3.72,-31.847,-0.7681293883979969,-0.48312694568799713
3.725,-31.847,-0.7682099409877533,-0.48324402242378717
3.73,-31.847,-0.7682902108370404,-0.48336067054510373
3.735,-31.847,-0.7683701738490533,-0.483476891347282
3.74,-31.847,-0.76844980028825,-0.48359268767063496
3.745,-31.847,-0.7685290884019234,-0.48370806265437466
3.75,-31.847,-0.7686080721882227,-0.4838230184864322
3.755,-31.847,-0.7686867913716819,-0.4839375562619599
3.7600000000000002,-31.847,-0.7687652515892542,-0.48405167678087185
3.765,-31.847,-0.7688434163164327,-0.484165381234771
3.77,-31.847,-0.768921242038822,-0.48427867113844436
3.775,-31.847,-0.7689987233064618,-0.48439154792555106
3.7800000000000002,-31.847,-0.7690759015337482,-0.48450401301437857
3.785,-31.847,-0.769152826511819,-0.4846160683932574
3.79,-31.847,-0.7692295082106094,-0.4847277168443514
3.795,-31.847,-0.7693059079074601,-0.4848389610865989
3.8000000000000003,-31.847,-0.769381978330058,-0.48494980239349367
3.805,-31.847,-0.7694577120047164,-0.48506024021965766
3.81,-31.847,-0.7695331482335122,-0.485170273714801
3.815,-31.847,-0.7696083322063331,-0.4852799040733977
3.8200000000000003,-31.847,-0.7696832698691474,-0.4853891354141056
3.825,-31.847,-0.7697579260608571,-0.4854979728951548
3.83,-31.847,-0.769832266501656,-0.48560641941226024
3.835,-31.847,-0.7699062967220204,-0.48571447394427175
3.84,-31.847,-0.7699800599433541,-0.4858221329286169
3.845,-31.847,-0.7700535670455014,-0.48592939675054514
3.85,-31.847,-0.7701268004774116,-0.48603626916162396
3.855,-31.847,-0.7701997411440658,-0.48614275480559116
3.86,-31.847,-0.7702723896827924,-0.48624885678618784
3.865,-31.847,-0.7703447636801414,-0.48635457597927473
3.87,-31.847,-0.7704168787645633,-0.48645991203809985
3.875,-31.847,-0.77048873451174,-0.48656486489035233
3.88,-31.847,-0.7705603174591573,-0.4866694355867397
3.8850000000000002,-31.847,-0.7706316157093411,-0.4867736261863957
3.89,-31.847,-0.7707026302430084,-0.48687743909352493
3.895,-31.847,-0.7707733735595136,-0.48698087643181803
3.9,-31.847,-0.770843858811786,-0.4870839397808482
3.9050000000000002,-31.847,-0.7709140900564222,-0.48718663026379405
3.91,-31.847,-0.7709840613666846,-0.48728894880768125
3.915,-31.847,-0.7710537638904993,-0.48739089640700417
3.92,-31.847,-0.7711231938001386,-0.4874924742977773
3.9250000000000003,-31.847,-0.7711923548662577,-0.48759368400433056
3.93,-31.847,-0.7712612549005224,-0.4876945272521055
3.935,-31.847,-0.7713299001127301,-0.48779500578112656
3.94,-31.847,-0.7713982919809276,-0.48789512114950456
3.9450000000000003,-31.847,-0.7714664282048177,-0.4879948746392879
3.95,-31.847,-0.7715343059499207,-0.48809426732698213
3.955,-31.847,-0.7716019244927143,-0.488193300276573
3.96,-31.847,-0.771669285681757,-0.4882919747280328
3.9650000000000003,-31.847,-0.7717363926343659,-0.4883902921574095
3.97,-31.847,-0.7718032481156492,-0.4884882541762081
3.975,-31.847,-0.7718698537087476,-0.4885858623494018
3.98,-31.847,-0.7719362099378853,-0.4886831180597684
3.985,-31.847,-0.772002316863569,-0.4887800225020691
3.99,-31.847,-0.7720681746437755,-0.48887657679421964
3.995,-31.847,-0.7721337838546364,-0.48897278211744455
4,-31.847,-0.7721991455865513,-0.4890686397916019
4.005,-31.847,-0.7722642613561013,-0.4891641512486203
4.01,-31.847,-0.7723291328451682,-0.4892593179379383
4.015,-31.847,-0.7723937614381036,-0.48935414112726455
4.0200000000000005,-31.847,-0.7724581484471724,-0.489448622338011
4.025,-31.847,-0.7725222944260597,-0.48954276275212405
4.03,-31.847,-0.7725861993552258,-0.4896365633160462
4.035,-31.847,-0.7726498633621111,-0.4897300251499661
4.04,-31.847,-0.7727132874190531,-0.4898231497074234
4.045,-31.847,-0.7727764734447009,-0.48991593854937626
4.05,-31.847,-0.772839423671751,-0.4900083930541366
4.055,-31.847,-0.7729021398033264,-0.4901005143016917
4.0600000000000005,-31.847,-0.7729646219300759,-0.4901923033480411
4.065,-31.847,-0.77302686937299,-0.49028376149249125
4.07,-31.847,-0.773088881887148,-0.4903748900154707
4.075,-31.847,-0.7731506606478117,-0.49046569002994217
4.08,-31.847,-0.7732122081896717,-0.4905561627067532
4.085,-31.847,-0.7732735272166119,-0.4906463095016542
4.09,-31.847,-0.7733346191410927,-0.49073613195115273
4.095,-31.847,-0.773395483298121,-0.49082563129001766
4.1,-31.847,-0.7734561187971468,-0.4909148081095168
4.105,-31.847,-0.7735165260444645,-0.49100366351299324
4.11,-31.847,-0.7735767065833505,-0.49109219890215916
4.115,-31.847,-0.773636662390681,-0.49118041567532744
4.12,-31.847,-0.7736963951615975,-0.4912683150950275
4.125,-31.847,-0.7737559059639574,-0.49135589832771737
4.13,-31.847,-0.7738151953061229,-0.4914431665105218
4.135,-31.847,-0.7738742634518736,-0.4915301207643788
4.14,-31.847,-0.7739331107743789,-0.4916167621093599
4.1450000000000005,-31.847,-0.7739917379476197,-0.49170309184860034
4.15,-31.847,-0.774050146004354,-0.49178911113725604
4.155,-31.847,-0.7741083363356183,-0.4918748210540487
4.16,-31.847,-0.7741663104353731,-0.49196022281724966
4.165,-31.847,-0.7742240694758908,-0.49204531775122645
4.17,-31.847,-0.7742816140037039,-0.49213010704627935
4.175,-31.847,-0.7743389440862646,-0.49221459165446274
4.18,-31.847,-0.7743960596879935,-0.4922987723924347
4.1850000000000005,-31.847,-0.7744529615283102,-0.4923826503667832
4.19,-31.847,-0.7745096514887406,-0.49246622713037114
4.195,-31.847,-0.7745661319078307,-0.4925495041665781
4.2,-31.847,-0.7746224041905718,-0.49263248233122503
4.205,-31.847,-0.7746784678880557,-0.4927151622021488
4.21,-31.847,-0.7747343221493008,-0.49279754495623285
4.215,-31.847,-0.7747899668757758,-0.4928796320272092
4.22,-31.847,-0.774845403393378,-0.49296142453154507
4.225,-31.847,-0.7749006341749753,-0.49304292331523897
4.23,-31.847,-0.7749556617842324,-0.4931241294439741
4.235,-31.847,-0.7750104876208751,-0.4932050444589667
4.24,-31.847,-0.7750651106907153,-0.49328566973751414
4.245,-31.847,-0.7751195293961851,-0.4933660057911222
4.25,-31.847,-0.7751737434058852,-0.4934460529632701
4.255,-31.847,-0.7752277546468198,-0.49352581239752935
4.26,-31.847,-0.7752815663798392,-0.4936052859826755
4.265,-31.847,-0.7753351813173455,-0.4936844754056656
4.2700000000000005,-31.847,-0.7753886000598657,-0.4937633813853067
4.275,-31.847,-0.7754418209149139,-0.49384200404197176
4.28,-31.847,-0.7754948427023862,-0.49392034436577403
4.285,-31.847,-0.7755476656802939,-0.4939984038953555
4.29,-31.847,-0.7756002914905933,-0.49407618380831186
4.295,-31.847,-0.7756527225635228,-0.4941536848177569
4.3,-31.847,-0.775704961440808,-0.4942309078906282
4.305,-31.847,-0.7757570100092405,-0.49430785473494765
4.3100000000000005,-31.847,-0.775808867994242,-0.4943845269073273
4.315,-31.847,-0.7758605333464159,-0.4944609245535584
4.32,-31.847,-0.7759120040096585,-0.49453704741724064
4.325,-31.847,-0.7759632803707053,-0.49461289651583246
4.33,-31.847,-0.7760143660724668,-0.4946884742371944
4.335,-31.847,-0.7760652660545062,-0.49476378266620424
4.34,-31.847,-0.7761159832158314,-0.4948388223549807
4.345,-31.847,-0.7761665157735574,-0.49491359301575266
4.3500000000000005,-31.847,-0.7762168600344731,-0.494988095357078
4.355,-31.847,-0.7762670143393084,-0.49506233077806755
4.36,-31.847,-0.7763169799900584,-0.4951363005217991
4.365,-31.847,-0.7763667604003339,-0.49521000558122763
4.37,-31.847,-0.7764163590881965,-0.49528344699480625
4.375,-31.847,-0.7764657778835315,-0.495356625807635
4.38,-31.847,-0.7765150171196851,-0.495429543303177
4.385,-31.847,-0.7765640749766968,-0.49550220030107506
4.39,-31.847,-0.7766129492650894,-0.4955745971674617
4.3950000000000005,-31.847,-0.7766616397570919,-0.49564673445000346
4.4,-31.847,-0.7767101489875214,-0.4957186133626477
4.405,-31.847,-0.7767584808260816,-0.4957902355349992
4.41,-31.847,-0.7768066380265376,-0.4958616023064944
4.415,-31.847,-0.776854620749697,-0.4959327143867518
4.42,-31.847,-0.7769024271105948,-0.4960035722057911
4.425,-31.847,-0.7769500550210005,-0.4960741763848712
4.43,-31.847,-0.7769975038839884,-0.4961445278825314
4.4350000000000005,-31.847,-0.7770447757447233,-0.49621462774988495
4.44,-31.847,-0.7770918745168764,-0.49628447701877165
4.445,-31.847,-0.7771388038374493,-0.4963540770223928
4.45,-31.847,-0.7771855649141258,-0.4964234293310938
4.455,-31.847,-0.7772321555606029,-0.496492534739706
4.46,-31.847,-0.7772785714147933,-0.49656139265300286
4.465,-31.847,-0.7773248095484411,-0.4966300025620466
4.47,-31.847,-0.7773708731193839,-0.49669836657854605
4.4750000000000005,-31.847,-0.7774167693069522,-0.4967664878829859
4.48,-31.847,-0.7774625046374769,-0.49683436801755015
4.485,-31.847,-0.7775080801047636,-0.49690200633827486
4.49,-31.847,-0.7775534901600138,-0.49696940205369217
4.495,-31.847,-0.7775987268734982,-0.4970365559681679
4.5,-31.847,-0.7776437865312749,-0.49710346988851783
4.505,-31.847,-0.7776886752834065,-0.4971701452009571
4.51,-31.847,-0.7777334028642342,-0.49723658249420666
4.515,-31.847,-0.7777779748772102,-0.49730278310398374
4.5200000000000005,-31.847,-0.7778223904222437,-0.49736874833753014
4.525,-31.847,-0.77786664421856,-0.49743447874303537
4.53,-31.847,-0.777910731229062,-0.4974999743430442
4.535,-31.847,-0.7779546502684495,-0.4975652354402872
4.54,-31.847,-0.7779984043926362,-0.497630263062863
4.545,-31.847,-0.778041998505072,-0.4976950586991576
4.55,-31.847,-0.7780854360613711,-0.4977596236164251
4.555,-31.847,-0.7781287191348486,-0.4978239590653369
4.5600000000000005,-31.847,-0.7781718464490621,-0.49788806562450705
4.565,-31.847,-0.7782148146926303,-0.49795194344754073
4.57,-31.847,-0.7782576213926872,-0.49801559287355673
4.575,-31.847,-0.7783002670099627,-0.4980790147509166
4.58,-31.847,-0.7783427549008834,-0.4981422103254401
4.585,-31.847,-0.7783850894163689,-0.4982051809333888
4.59,-31.847,-0.7784272737354175,-0.49826792776516954
4.595,-31.847,-0.7784693079824401,-0.49833045165425865
4.6000000000000005,-31.847,-0.7785111889018955,-0.49839275292345986
4.605,-31.847,-0.7785529120464455,-0.4984548314992339
4.61,-31.847,-0.7785944755158087,-0.498516687571891
4.615,-31.847,-0.7786358834132019,-0.49857832262000507
4.62,-31.847,-0.7786771438448241,-0.49863973907291465
4.625,-31.847,-0.7787182600167744,-0.49870093785861547
4.63,-31.847,-0.7787592307705931,-0.49876191920062873
4.635,-31.847,-0.778800051966628,-0.4988226831167307
4.64,-31.847,-0.7788407202234762,-0.49888322989950734
4.6450000000000005,-31.847,-0.7788812335372308,-0.49894356034074805
4.65,-31.847,-0.7789215942993639,-0.49900367559398096
4.655,-31.847,-0.7789618085889101,-0.49906357695025394
4.66,-31.847,-0.7790018822004183,-0.499123265634355
4.665,-31.847,-0.7790418164445881,-0.49918274255996214
4.67,-31.847,-0.7790816071722014,-0.4992420081258052
4.675,-31.847,-0.7791212480587055,-0.4993010623367362
4.68,-31.847,-0.7791607350764789,-0.49935990518133744
4.6850000000000005,-31.847,-0.7792000716620784,-0.49941853749712156
4.69,-31.847,-0.7792392677013891,-0.49947696128286556
4.695,-31.847,-0.7792783316455354,-0.49953517869103453
4.7,-31.847,-0.7793172626495222,-0.49959319049293166
4.705,-31.847,-0.7793560507763148,-0.4996509958410925
4.71,-31.847,-0.7793946859934813,-0.4997085938335222
4.715,-31.847,-0.7794331678402682,-0.4997659851111386
4.72,-31.847,-0.7794715074578334,-0.49982317182461994
4.7250000000000005,-31.847,-0.7795097164566596,-0.4998801561380014
4.73,-31.847,-0.7795477956889874,-0.4999369390199777
4.735,-31.847,-0.7795857417784081,-0.4999935210324049
4.74,-31.847,-0.779623549148369,-0.5000499020084402
4.745,-31.847,-0.7796612131086313,-0.500106081553403
4.75,-31.847,-0.7796987322922069,-0.5001620598260882
4.755,-31.847,-0.7797361087123095,-0.5002178379373348
4.76,-31.847,-0.7797733486644298,-0.5002734178601447
4.765,-31.847,-0.779810459616578,-0.5003288014972591
4.7700000000000005,-31.847,-0.7798474452172668,-0.5003839897076748
4.775,-31.847,-0.7798843021908841,-0.5004389821854017
4.78,-31.847,-0.7799210220860646,-0.5004937782895312
4.785,-31.847,-0.7799575974902099,-0.5005483780463053
4.79,-31.847,-0.7799940284978281,-0.5006027825468531
4.795,-31.847,-0.780030324110945,-0.5006569936215506
4.8,-31.847,-0.7800664966998095,-0.500711013167547
4.805,-31.847,-0.7801025541846018,-0.5007648424827311
4.8100000000000005,-31.847,-0.7801384893810568,-0.5008184814531197
4.815,-31.847,-0.7801742852188069,-0.5008719289698697
4.82,-31.847,-0.7802099367184537,-0.500925184834885
4.825,-31.847,-0.7802454489480422,-0.5009782501342666
4.83,-31.847,-0.7802808321772524,-0.5010311267304727
4.835,-31.847,-0.7803160939980007,-0.5010838162035816
4.84,-31.847,-0.7803512389275756,-0.5011363199860865
4.845,-31.847,-0.7803862634472767,-0.5011886383866402
4.8500000000000005,-31.847,-0.7804211586543255,-0.5012407708166565
4.855,-31.847,-0.7804559172511024,-0.5012927167551683
4.86,-31.847,-0.7804905391212291,-0.5013444765972822
4.865,-31.847,-0.7805250315055828,-0.5013960518248445
4.87,-31.847,-0.780559405451152,-0.5014474447384157
4.875,-31.847,-0.7805936635117854,-0.5014986564129811
4.88,-31.847,-0.7806278032779632,-0.5015496872346205
4.885,-31.847,-0.7806618195143753,-0.5016005370006477
4.89,-31.847,-0.7806957081103251,-0.5016512055145848
4.8950000000000005,-31.847,-0.7807294662128288,-0.5017016929000033
4.9,-31.847,-0.780763095597541,-0.5017520000242829
4.905,-31.847,-0.7807966024910086,-0.5018021284859788
4.91,-31.847,-0.7808299940061081,-0.5018520800026715
4.915,-31.847,-0.780863273426079,-0.5019018555709818
4.92,-31.847,-0.7808964376275609,-0.5019514551123461
4.925,-31.847,-0.7809294791415141,-0.5020008779759879
4.93,-31.847,-0.7809623900444465,-0.5020501237143707
4.9350000000000005,-31.847,-0.7809951697882829,-0.5020991931752897
4.94,-31.847,-0.7810278286004015,-0.5021480885567823
4.945,-31.847,-0.7810603811386152,-0.5021968121438262
4.95,-31.847,-0.7810928338573078,-0.5022453648376579
4.955,-31.847,-0.7811251753543894,-0.5022937456834174
4.96,-31.847,-0.7811573868481541,-0.5023419533975954
4.965,-31.847,-0.7811894656950724,-0.5023899881840538
4.97,-31.847,-0.7812214195657259,-0.5024378513631768
4.9750000000000005,-31.847,-0.7812532602458211,-0.5024855448511824
4.98,-31.847,-0.7812849958705975,-0.5025330703079929
4.985,-31.847,-0.7813166269186789,-0.5025804285231497
4.99,-31.847,-0.7813481476712634,-0.502627619413926
4.995,-31.847,-0.7813795510750416,-0.5026746425654334
5,-31.847,-0.7814108335341602,-0.5027214978908808