0,0,1.7560494841778104E-6,7.076009873303592E-6
0.005,0.30014646018033714,-0.0016025277589556298,5.65740454588408E-4
0.01,0.6002662596166042,-0.0015520938668168764,6.442102717680963E-4
0.015,0.9003327399328923,-0.0014649876151811778,5.064830213477269E-4
0.02,1.2003192474894053,-0.0021952433044606754,5.184222210930928E-4
0.025,1.50019913574999,-0.0031896785773938064,5.451473191967831E-4
0.03,1.7999457676490351,-0.004475192125483772,5.098023770379988E-4
0.035,2.0995325179575306,-0.0061285951753665404,4.600356082526929E-4
0.04,2.3989327756480736,-0.008044528124344669,4.237817106431664E-4
0.045,2.698119946258613,-0.010069284182407455,3.8534950919901065E-4
0.05,2.9970674542547258,-0.012052113831378147,3.349610975699385E-4
0.055,3.2957487453902066,-0.013713295932093994,2.777321421958385E-4
0.06,3.5941372890657712,-0.015009552301691442,2.1651455720575954E-4
0.065,3.8922065806856585,-0.015934819347781775,1.4937147165240352E-4
0.07,4.189930144011921,-0.016503095632820798,7.62662603875552E-5
0.075,4.487281533516195,-0.01673057672217509,-2.5489825984398594E-6
0.08,4.78423433672875,-0.016630082254675778,-8.693097264129461E-5
0.085,5.080762176584593,-0.01621111419661414,-1.7687787761381632E-4
0.09,5.3768387137664355,-0.015482446745521147,-2.7255601998007095E-4
0.095,5.6724376490443,-0.014455507702983764,-3.742912432802247E-4
0.1,5.967532725611573,-0.013147518662119745,-4.825130228631992E-4
0.105,6.262097731417282,-0.011583704506888684,-5.976880370617951E-4
0.11,6.556106501494411,-0.009798101069365305,-7.202738326129875E-4
0.115,6.84953292028401,-0.007832777109033543,-8.506980410426023E-4
0.12,7.142350923954942,-0.0057356449518934215,-9.893542258091836E-4
0.125,7.434534502719019,-0.0035573466471537072,-0.0011366051072518124
0.13,7.72605770314134,-0.0013478593846703829,-0.0012927886334066225
0.135,8.016894630445625,8.465701762669836E-4,-0.0014582252540267183
0.14,8.307019450814348,0.0029857365710574757,-0.0016332249453683296
0.145,8.596406393683427,0.005080065578973112,-0.0018175166178856486
0.15,8.885029754031335,0.007091117185190407,-0.0020127971443141502
0.155,9.172863894662353,0.008988156478762848,-0.00221830489889979
0.16,9.459883248483832,0.010751507958636653,-0.0024341685095178463
0.165,9.746062320777185,0.012369230594067127,-0.002661094274340298
0.17,10.031375691462491,0.013835892056489723,-0.0028994434207105096
0.17500000000000002,10.315798017356466,0.01514958131238808,-0.0031493620980204665
0.18,10.599304034423554,0.01631490019276658,-0.0034110389148757705
0.185,10.881868560020068,0.01734215298075805,-0.003684832935807423
0.19,11.163466495131024,0.018246071465031967,-0.003970998117057233
0.195,11.444072826599601,0.019045205124478777,-0.004269634693414123
0.2,11.723662629348938,0.019761572229891652,-0.004580897948964672
0.20500000000000002,12.002211068596143,0.020420381576330842,-0.00490500490961464
0.21,12.279693402058244,0.021049392091337563,-0.005242101729224297
0.215,12.55608498214996,0.02167901668410019,-0.005592266783509308
0.22,12.831361258173015,0.022340797227051196,-0.005955659280100738
0.225,13.1054977784969,0.023065354255706327,-0.006332493319933547
0.23,13.378470192730795,0.02388040146184812,-0.006722869388464752
0.23500000000000001,13.650254253886512,0.02480907218077468,-0.007126848666786017
0.24,13.92082582053226,0.025868808752007817,-0.007544615897339852
0.245,14.190160858937016,0.027070929556437424,-0.007976332464308766
0.25,14.458235445205347,0.028420849909831163,-0.008421999465512846
0.255,14.725025767402466,0.029918914326227158,-0.008881700273770245
0.26,14.990508127669345,0.031561511770174404,-0.009355714287368295
0.265,15.254658944327705,0.0333419696841617,-0.009844216015944368
0.27,15.517454753974656,0.035251104302287325,-0.010347254401649977
0.275,15.778872213566885,0.03727746072844499,-0.010865125809831299
0.28,16.038888102494074,0.03940706527946023,-0.01139826453458792
0.28500000000000003,16.297479324641543,0.0416229584934979,-0.011946805000496328
0.29,16.554622910441733,0.043905094594454706,-0.012510752278183794
0.295,16.810296018914528,0.04623114067602246,-0.013090653479118721
0.3,17.064475939696106,0.0485775423768547,-0.013686948078925783
0.305,17.317140095056203,0.05092078842262919,-0.014299098728806569
0.31,17.568266041903616,0.05323946709233116,-0.014927199695301811
0.315,17.817831473779712,0.05551572689041806,-0.015572735127191558
0.32,18.065814222839816,0.05773486916230952,-0.01623533295795346
0.325,18.312192261822293,0.05988578544940287,-0.016913053014152662
0.33,18.556943706005143,0.06196299193503545,-0.01760807768047498
0.335,18.800046815149912,0.06396493290869149,-0.01832334238476737
0.34,19.041479995432802,0.06588979473672248,-0.019053965843453372
0.34500000000000003,19.281221801362754,0.06773911956039916,-0.01979855748749213
0.35000000000000003,19.51925093768634,0.06951987314477544,-0.020563899466660117
0.355,19.755546261279378,0.07123765890788109,-0.021348770726251385
0.36,19.99008678302494,0.07289851610519435,-0.02214829951796052
0.365,20.222851669677738,0.07451317493085022,-0.022963969210933577
0.37,20.453820245714684,0.076095719804362,-0.02379921881296034
0.375,20.68297199517136,0.07766048068812477,-0.024652512219764833
0.38,20.910286563464403,0.07922264371863152,-0.02552141741150611
0.385,21.135743759199503,0.08079898223555093,-0.026407315255865402
0.39,21.359323555964924,0.0824053075818684,-0.02731183566704261
0.395,21.581006094110343,0.08405433842146809,-0.02823371635791789
0.4,21.80077168251095,0.08575676616401307,-0.029171639711188028
0.405,22.018600800316456,0.08752164704877144,-0.03012674514194512
0.41000000000000003,22.234474098685123,0.08935528673168203,-0.031100190708800195
0.41500000000000004,22.448372402502386,0.09125967716491787,-0.03209009372283908
0.42,22.66027671208411,0.0932340334859906,-0.033095328717785574
0.425,22.870168204864274,0.09527660296072052,-0.03411838516802011
0.43,23.07802823706687,0.09738423684894071,-0.035159253839800626
0.435,23.283838345361982,0.09955263231946757,-0.03621590798407012
0.44,23.487580248505765,0.10177769027582632,-0.03728849971409464
0.445,23.68923584896433,0.10405412778470831,-0.03837854051982089
0.45,23.888787234521242,0.10637319352344435,-0.0394857343337801
0.455,24.086216679868627,0.10872334874225997,-0.04060880595570918
0.46,24.281506648181583,0.1110916855164213,-0.04174791417667232
0.465,24.47463979267593,0.11346578282684616,-0.04290444538763724
0.47000000000000003,24.665598958149076,0.11583372643058285,-0.04407775013679124
0.47500000000000003,24.854367182503786,0.11818456386188651,-0.045266071194123216
0.48,25.0409276982549,0.12050944418911216,-0.046470331915231256
0.485,25.2252639340187,0.1228009712368924,-0.04769213469466468
0.49,25.407359515984872,0.12505263205212985,-0.04892962748889741
0.495,25.58719826937093,0.12726128312570092,-0.05018104883399111
0.5,25.764764219858954,0.12942801596372985,-0.05144902793965094
0.505,25.94004159501451,0.13155307634785737,-0.052734592618034114
0.51,26.11301482568768,0.13363421871668407,-0.05403431203434151
0.515,26.28366854739596,0.13567237681904765,-0.055347486700856846
0.52,26.45198760168904,0.1376727046361217,-0.0566764581190939
0.525,26.617957037495305,0.13964039222786712,-0.058021318784678116
0.53,26.781562112449787,0.14157842373647347,-0.059379855626115995
0.535,26.942788294203773,0.14348903547354527,-0.060751540062363926
0.54,27.10162126171555,0.14538013937708066,-0.06213794098617399
0.545,27.258046906522573,0.14726214764447207,-0.06353822285710227
0.55,27.412051333994594,0.14914647618593016,-0.06495140517409223
0.555,27.5636208645679,0.15104196462051683,-0.06637745483948515
0.56,27.712742034960385,0.1529527134404169,-0.06781643854136458
0.5650000000000001,27.859401599367473,0.1548813864649018,-0.06926804275326282
0.5700000000000001,28.003586530638646,0.15682974158225488,-0.07073171213252119
0.5750000000000001,28.145284021434623,0.15880102264189608,-0.07220711873691107
0.58,28.284481485364953,0.16079982817784405,-0.07369410937564194
0.585,28.421166558106044,0.16282916003841144,-0.07519235836298732
0.59,28.555327098499404,0.16488791373545308,-0.0767014077514554
0.595,28.68695118963011,0.1669715573543134,-0.07822093386618313
0.6,28.816027139885325,0.1690753215374178,-0.07975073114740283
0.605,28.942543483992807,0.17119677608508344,-0.08129054234896238
0.61,29.066488984039353,0.17333514414560416,-0.08284008636323294
0.615,29.18785263046898,0.17548829362051266,-0.08439913847231671
0.62,29.30662364306087,0.1776510621475146,-0.08596732153575298
0.625,29.42279147188695,0.17981651535019555,-0.08754420723690373
0.63,29.53634579824896,0.18197860319166584,-0.08912944349570118
0.635,29.64727653559505,0.18412988388414794,-0.09072269366172327
0.64,29.755573830415724,0.18626372896372634,-0.0923237423527524
0.645,29.861228063119064,0.18837477994042606,-0.09393233354053374
0.65,29.964229848885218,0.19045903009421927,-0.09554804233680422
0.655,30.064570038500012,0.1925138647975277,-0.09717036191407476
0.66,30.162239719167626,0.1945385176697964,-0.0987988485767845
0.665,30.257230215302275,0.1965333074953409,-0.10043323267506801
0.67,30.34953308929887,0.19849806136881926,-0.10207332798979124
0.675,30.439140142282422,0.20043118708884014,-0.10371885221539866
0.68,30.52604341483637,0.20233097523031657,-0.10536927943002582
0.685,30.61023518770957,0.20419906483595057,-0.1070239133574838
0.6900000000000001,30.69170798250194,0.20603955548192374,-0.10868234421984156
0.6950000000000001,30.770454562328766,0.20785624104899614,-0.11034422044815606
0.7000000000000001,30.846467932463515,0.20965151690502098,-0.112009197317533
0.705,30.919741340959124,0.21142680583247803,-0.11367685474180224
0.71,30.990268279247783,0.21318403025651742,-0.11534670597185931
0.715,31.05804248271904,0.21492677281648298,-0.1170182696338736
0.72,31.123057931276257,0.21666012498192783,-0.11869110728143847
0.725,31.185308849871372,0.21838934862275244,-0.12036479687541553
0.73,31.24478970901786,0.22011783993809003,-0.1220389201617718
0.735,31.30149522528188,0.2218482725466721,-0.12371295183578972
0.74,31.355420361751605,0.22358110758187336,-0.12538643162744503
0.745,31.40656032848461,0.2253153342343273,-0.1270589375926253
0.75,31.454910582933355,0.22705007429618104,-0.12873001932762954
0.755,31.50046683034867,0.2287856703963964,-0.13039919509332995
0.76,31.54322502416125,0.23052274809463577,-0.13206606861518624
0.765,31.583181366341098,0.23226090386785647,-0.13373013336804734
0.77,31.62033230773486,0.23399861868729116,-0.13539090523090447
0.775,31.654674548381106,0.23573405220388616,-0.1370479816939148
0.78,31.686205037803465,0.2374645622495779,-0.1387009254717326
0.785,31.714920975281547,0.23918745635268732,-0.14034937834244782
0.79,31.74081981009975,0.2409001739111707,-0.1419929526478576
0.795,31.763899241773814,0.2426000904358077,-0.1436311473503733
0.8,31.784157220255167,0.24428434323254328,-0.14526342040036713
0.805,31.801591946113025,0.24594973121290992,-0.1468892912422299
0.81,31.816201870694236,0.2475928656516317,-0.14850837492776575
0.8150000000000001,31.82798569626082,0.24921049966316372,-0.1501202849303825
0.8200000000000001,31.836942376105252,0.2507999877647721,-0.15172458113143605
0.8250000000000001,31.843071114643443,0.2523600767993754,-0.1533208133972493
0.8300000000000001,31.846371367485396,0.25389096064500527,-0.15490851043166082
0.835,31.846842841483582,0.25539399196524604,-0.1564871539631189
0.84,31.84448549475893,0.2568705194288412,-0.15805627491449645
0.845,31.839299536704633,0.2583205828586004,-0.15961551172536864
0.85,31.831285427967455,0.25974266185106337,-0.16116450173824923
0.855,31.820443880406874,0.26113503734497734,-0.16270275714817128
0.86,31.806775857031838,0.2624978318330716,-0.16422971066924247
0.865,31.79028257191521,0.2638346709109537,-0.1657448242476283
0.87,31.77096549008594,0.2651491534839953,-0.16724773438551635
0.875,31.748826327398927,0.2664434826211755,-0.16873796814669625
0.88,31.723867050382616,0.26771846546369243,-0.17021506223201469
0.885,31.6960898760643,0.26897451961953067,-0.17167859683306058
0.89,31.665497271773223,0.2702123662377568,-0.1731281805929446
0.895,31.632091954921385,0.2714338050323097,-0.17456333278225994
0.9,31.595876892762178,0.2726414828389971,-0.1759836267699234
0.905,31.55685530212682,0.2738377996497744,-0.17738864579873098
0.91,31.515030649138627,0.27502369339888466,-0.1787779082513597
0.915,31.470406648905104,0.27619801501431007,-0.1801508898974983
0.92,31.422987265187974,0.2773590179082427,-0.18150725767784337
0.925,31.372776710051085,0.27850554588935433,-0.18284662678124183
0.93,31.31977944348627,0.2796372087364797,-0.18416859912018074
0.935,31.26400017301717,0.28075408812656544,-0.18547276800279247
0.9400000000000001,31.20544385328111,0.2818562140825204,-0.18675871489083526
0.9450000000000001,31.144115685588996,0.28294326062751446,-0.18802604663197262
0.9500000000000001,31.08002111746329,0.28401422545536514,-0.18927431511562748
0.9550000000000001,31.013165842154123,0.2850673666453178,-0.19050318495659152
0.96,30.94355579813362,0.2861004510388055,-0.1917123719981778
0.965,30.871197168568386,0.28711122537928785,-0.1929015204722513
0.97,30.796096380770273,0.28809790125004164,-0.19407020080176698
0.975,30.718260105625497,0.2890593526302286,-0.19521799621711403
0.98,30.637695257002083,0.28999487336476915,-0.19634453950746253
0.985,30.554408991135706,0.2909036874629381,-0.1974494844306428
0.99,30.468408705994072,0.29178439861745176,-0.19853248646428226
0.995,30.379702040619787,0.2926359695446693,-0.19959328302170284
1,30.288296874451756,0.29345785312116196,-0.20063153320322033
1.0050000000000001,30.194201326625365,0.2942502587565564,-0.2016468792927969
1.01,30.097423755251246,0.29501393884135074,-0.20263897644421333
1.0150000000000001,29.99797275667285,0.29574969208695656,-0.20360749247277268
1.02,29.895857164702928,0.29645795003671155,-0.2045521027877944
1.025,29.79108604983879,0.29713871236233835,-0.20547249165569426
1.03,29.683668718456644,0.29779183147977223,-0.206368353412109
1.035,29.57361471198498,0.29841742010112104,-0.2072393884818674
1.04,29.460933806056985,0.2990161075540334,-0.20808529884241878
1.045,29.345636009642266,0.2995890053760306,-0.20890578784662034
1.05,29.22773156415775,0.30013743927907144,-0.20970056473757812
1.055,29.10723094255803,0.3006626274786009,-0.21046935005637524
1.06,28.984144848405055,0.30116547666809934,-0.21121187862155796
1.065,28.858484214917418,0.3016465591377794,-0.21192789843130524
1.07,28.73026020399915,0.30210621452395026,-0.21261716564869645
1.075,28.599484205248327,0.30254466829358784,-0.21327943923953718
1.08,28.4661678349453,0.30296208359169186,-0.21391447847387907
1.085,28.330322935020934,0.3033585328510527,-0.2145220450013105
1.09,28.191961572004704,0.30373393498402995,-0.21510190832398027
1.095,28.0510960359529,0.30408801965409804,-0.21565385129442446
1.1,27.90773883935692,0.30442035261756717,-0.21617767246596625
1.105,27.76190271603189,0.30473041072042356,-0.2166731844333127
1.11,27.61360061998552,0.3050176624499926,-0.2171402098561009
1.115,27.462845724267464,0.3052816081378038,-0.21757857787731322
1.12,27.30965141979924,0.3055217607930256,-0.21798812275335694
1.125,27.154031314184778,0.30573758561979647,-0.2183686847093977
1.1300000000000001,26.995999230501642,0.3059284409528364,-0.21872011168774855
1.135,26.835569206073284,0.30609356211567806,-0.21904226050219266
1.1400000000000001,26.672755491222087,0.3062321050542086,-0.2193349967521732
1.145,26.507572548003612,0.30634323426250565,-0.21959819391542942
1.1500000000000001,26.34003504892197,0.30642621820381727,-0.2198317325783479
1.155,26.17015787562656,0.3064804956208387,-0.22003550052365298
1.16,25.997956117590164,0.30650569485091717,-0.2202093936805485
1.165,25.8234450707686,0.30650161247712215,-0.22035331730943314
1.17,25.646640236242103,0.30646817330841,-0.22046718663865889
1.175,25.467557318838377,0.30640539416365165,-0.22055092652319502
1.18,25.286212225737618,0.306313362677606,-0.22060447027974486
1.185,25.102621065059548,0.30619222891324105,-0.22062775830898892
1.19,24.916800144432603,0.3060422005867007,-0.22062073720583883
1.195,24.72876596954539,0.30586353471222416,-0.22058335977534047
1.2,24.538535242680563,0.3056565255233784,-0.22051558590719794
1.205,24.346124861231203,0.3054214940976962,-0.22041738387741697
1.21,24.151551916199928,0.3051587849296261,-0.22028873152427678
1.215,23.954833690680758,0.30486876928201545,-0.22012961690661959
1.22,23.75598765832393,0.3045518488026503,-0.219940038364851
1.225,23.55503148178378,0.3042084503572609,-0.21972000418073487
1.23,23.351983011149866,0.30383900628185406,-0.2194695321367452
1.235,23.146860282361395,0.3034439214696337,-0.21918864919776318
1.24,22.939681515605177,0.3030235356974697,-0.21887739137246595
1.245,22.73046511369719,0.302578092527692,-0.21853580368371125
1.25,22.519229660447984,0.30210772367787686,-0.21816394015700832
1.2550000000000001,22.30599391901188,0.30161245158727856,-0.2177618638059757
1.26,22.0907768302204,0.30109220636548634,-0.2173296466741456
1.2650000000000001,21.87359751089977,0.30054684940663823,-0.21686737000856485
1.27,21.654475252172887,0.2999761958857395,-0.21637512457292107
1.2750000000000001,21.43342951774575,0.29938003124127904,-0.21585301100329038
1.28,21.210479942178612,0.298758120537502,-0.21530114004280085
1.285,20.98564632914189,0.2981102123995246,-0.21471963251259216
1.29,20.758948649657082,0.2974360402281019,-0.21410861897880534
1.295,20.530407040322906,0.29673532301715067,-0.21346823920374963
1.3,20.300041801526525,0.2960077672779941,-0.21279864155575273
1.305,20.067873395640458,0.2952530710632381,-0.212099982556303
1.31,19.83392244520492,0.29447093096493965,-0.21137242667100437
1.315,19.598209731096077,0.293661052785627,-0.21061614634593462
1.32,19.360756190680096,0.292823165860362,-0.20983132220465855
1.325,19.12158291595343,0.2919570396959482,-0.20901814328627716
1.33,18.880711151669257,0.2910625001982576,-0.20817680722278298
1.335,18.638162293450428,0.2901394420480505,-0.2073075203019496
1.34,18.39395788588896,0.289187834295807,-0.206410497410799
1.345,18.14811962063236,0.28820771792611366,-0.20548596188565724
1.35,17.900669334456797,0.28719919635011965,-0.2045341453055275
1.355,17.651629007327493,0.2861624216206102,-0.20355528726533118
1.36,17.401020760446276,0.28509757992627094,-0.20254963516426075
1.365,17.148866854286656,0.28400487942309355,-0.20151744404519392
1.37,16.895189686616558,0.28288454205491054,-0.20045897651846134
1.375,16.640011790508826,0.2817367993573492,-0.19937450279023877
1.3800000000000001,16.38335583233963,0.2805618909505236,-0.19826430079018773
1.385,16.125244609775212,0.27936006384316076,-0.19712865636170163
1.3900000000000001,15.865701049746768,0.2781315707916432,-0.19596786345401138
1.395,15.60474820641401,0.27687666654978843,-0.19478222425073013
1.4000000000000001,15.342409259117325,0.2755956016223099,-0.1935720491879345
1.405,15.078707510318907,0.27428861388219594,-0.1923376568500948
1.41,14.813666383532823,0.27295591901625754,-0.19107937376993586
1.415,14.547309421244433,0.27159770116697857,-0.1897975341841097
1.42,14.27966028281926,0.27021410528959866,-0.18849247980206207
1.425,14.010742742401336,0.26880523258329986,-0.18716455963140877
1.43,13.740580686801511,0.2673711398637798,-0.18581412987749235
1.435,13.469198113375654,0.2659118429928797,-0.18444155390819375
1.44,13.196619127893126,0.26442732365027366,-0.18304720225598906
1.445,12.922867942395467,0.2629175380667987,-0.18163145262132552
1.45,12.647968873045858,0.2613824260535859,-0.18019468984392373
1.455,12.37194633796912,0.2598219188476496,-0.17873730581836322
1.46,12.094824855082809,0.2582359448795828,-0.1772596993437848
1.465,11.816629039919365,0.2566244333422923,-0.17576227591189494
1.47,11.53738360343967,0.25498731614029096,-0.1742454474505014
1.475,11.257113349837997,0.2533245292147078,-0.17270963204928994
1.48,10.975843174338845,0.2516360142760173,-0.17115525369830517
1.485,10.69359806098552,0.24992172167377805,-0.16958274206610277
1.49,10.410403080420961,0.24818161462676125,-0.16799253233392777
1.495,10.126283387660791,0.24641567449981597,-0.1663850650870896
1.5,9.841264219858953,0.24462390639579193,-0.1647607862492236
1.5050000000000001,9.55537089406592,0.24280634412554206,-0.16312014703424702
1.51,9.268628804979972,0.24096305365491705,-0.16146360388787115
1.5150000000000001,8.981063422691424,0.2390941343769998,-0.15979161839628475
1.52,8.692700290420264,0.23719971795181238,-0.15810465715170016
1.5250000000000001,8.403565022247228,0.2352799649006733,-0.15640319157868746
1.53,8.113683300838675,0.2333350595362343,-0.15468769773695304
1.5350000000000001,7.823080875165195,0.23136520406092598,-0.1529586561221909
1.54,7.531783558214557,0.22937061271773743,-0.15121655148578653
1.545,7.239817224698751,0.2273515067198776,-0.1494618726874955
1.55,6.947207808755698,0.22530811036848486,-0.14769511258533755
1.555,6.653981301645617,0.2232406483836828,-0.1459167679567362
1.56,6.3601637494423215,0.22114934413516396,-0.14412733943701975
1.565,6.06578125071971,0.2190344182582636,-0.1423273314573548
1.57,5.7708599542334404,0.21689608712834302,-0.14051725216467884
1.575,5.475426056598357,0.2147345608292719,-0.13869761331076924
1.58,5.179505799961464,0.21255004052815213,-0.13686893010496665
1.585,4.883125469670995,0.21034271546691158,-0.13503172103339098
1.59,4.5863113919415746,0.20811276001222284,-0.13318650765465193
1.595,4.289089931515824,0.20586033130593825,-0.13133381438627553
1.6,3.9914874893223926,0.20358556800813604,-0.12947416829627834
1.605,3.6935305001309926,0.2012885904456167,-0.1276080989106163
1.61,3.395245430204207,0.19896950222351917,-0.12573613804078243
1.615,3.0966587749466603,0.1966283930945391,-0.12385881962860648
1.62,2.797797056551517,0.19426534267332668,-0.12197667959941465
1.625,2.498686821644682,0.1918804244788958,-0.12009025571180776
1.6300000000000001,2.1993546389266756,0.18947370980321765,-0.11820008739304763
1.635,1.899827096812765,0.1870452710271931,-0.11630671555298767
1.6400000000000001,1.6001308010711244,0.18459518419750576,-0.11441068237529399
1.645,1.3002923724596158,0.1821235308857077,-0.11251253109063272
1.6500000000000001,1.00033844436115,0.17963039951932638,-0.11061280574091382
1.655,0.7002956604180129,0.17711588646224166,-0.10871205094552279
1.6600000000000001,0.40019067216512366,0.17458009711067432,-0.10681081167944159
1.665,0.10005013666280413,0.1720231471726996,-0.10490963306976535
1.67,-0.20009928587115372,0.16944516414808491,-0.10300906021238915
1.675,-0.5002309344295464,0.16684628886943792,-0.10110963800586557
1.68,-0.8003181495839574,0.16422667685182585,-0.09921191099581883
1.685,-1.1003342758528167,0.16158649915847528,-0.09731642322166725
1.69,-1.4002526640690374,0.15892594253446693,-0.0954237180580353
1.695,-1.7000466737472482,0.15624520867426628,-0.09353433804581347
1.7,-1.9996896754500422,0.1535445126400722,-0.09164882471155113
1.705,-2.2991550531534557,0.15082408059584734,-0.08976771837766505
1.71,-2.5984162066111036,0.14808414712954932,-0.08789155796878326
1.715,-2.8974465537169904,0.14532495247936067,-0.08602088082067812
1.72,-3.1962195328666354,0.14254673995270842,-0.08415622249744616
1.725,-3.4947086053165233,0.13974975374186926,-0.08229811662019074
1.73,-3.792887257541316,0.13693423722304982,-0.08044709470719692
1.735,-4.09072900358904,0.13410043170912234,-0.07860368602240733
1.74,-4.38820738743366,0.13124857553927788,-0.0767684174267971
1.745,-4.6852959853250855,0.12837890335120175,-0.07494181322652994
1.75,-4.981968408136228,0.1254916453980623,-0.07312439501269892
1.7550000000000001,-5.278198303707133,0.12258702683366633,-0.07131668148963648
1.76,-5.573959359185618,0.1196652669731905,-0.06951918829159602
1.7650000000000001,-5.869225303364626,0.11672657861746132,-0.06773242779026463
1.77,-6.163969909015739,0.11377116758174437,-0.06595690889741053
1.7750000000000001,-6.458166995218854,0.11079923258016944,-0.0641931368675652
1.78,-6.751790429687672,0.10781096558163658,-0.06244161310496204
1.7850000000000001,-7.044814131091007,0.10480655268236402,-0.06070283497727112
1.79,-7.3372120713693825,0.10178617545344112,-0.05897729563650549
1.795,-7.628958278047083,0.09875001264165899,-0.05726548384545197
1.8,-7.920026836539124,0.09569824204845671,-0.05556788380663202
1.805,-8.210391892453154,0.09263104239695881,-0.05388497499045194
1.81,-8.500027653885999,0.08954859502199725,-0.05221723195988412
1.815,-8.7889083937146,0.08645108527365108,-0.05056512419049694
1.82,-9.077008451881333,0.08333870359487688,-0.048929115886470274
1.825,-9.364302237673183,0.08021164629959952,-0.047309665794882654
1.83,-9.650764231994946,0.07707011612313398,-0.04570722702157862
1.835,-9.936368989635938,0.07391432263268485,-0.044122246852095294
1.84,-10.2210911415302,0.07074448257125196,-0.042555166580409136
1.845,-10.504905397009884,0.06756082017108711,-0.04100642134691483
1.85,-10.787786546051796,0.06436356742609892,-0.03947643998544786
1.855,-11.069709461516616,0.06115296427122924,-0.03796564487772593
1.86,-11.350649101380892,0.057929258593347945,-0.036474451812711306
1.865,-11.630580510961389,0.054692705999567416,-0.035003269848204656
1.87,-11.909478825131732,0.051443569294670435,-0.033552501172533125
1.875,-12.187319270531011,0.048182117662594164,-0.0321225409652364
1.8800000000000001,-12.464077167764392,0.044908625595938174,-0.030713777256862217
1.885,-12.739727933595171,0.04162337165962096,-0.0293265907890733
1.8900000000000001,-13.014247083128504,0.038326637199626305,-0.027961354876865616
1.895,-13.287610231986232,0.03501870510985418,-0.0266184352747489
1.9000000000000001,-13.559793098472868,0.03169985875009196,-0.02529819004824485
1.905,-13.830771505732404,0.02837038107238075,-0.02400096945117404
1.9100000000000001,-14.100521383895902,0.025030553971385004,-0.022727115808170384
1.915,-14.369018772219441,0.021680657837455784,-0.021476963401083397
1.92,-14.636239821212522,0.018320971267357627,-0.020250838357447367
1.925,-14.902160794756474,0.014951770881431296,-0.019049058539267395
1.93,-15.166758072212847,0.011573331206543778,-0.017871933430872563
1.935,-15.430008150521541,0.008185924606288919,-0.01671976402539199
1.94,-15.691887646288437,0.00478982126561341,-0.015592842710322774
1.945,-15.95237329786253,0.0013852892579331768,-0.014491453153376745
1.95,-16.211441967402074,-0.0020274052675685675,-0.013415870190195592
1.955,-16.469070642929886,-0.005447997745376636,-0.012366359715533534
1.96,-16.725236440377376,-0.008876224684340713,-0.011343178579104333
1.965,-16.979916605617248,-0.012311822999992816,-0.010346574486694335
1.97,-17.23308851648461,-0.015754529225980963,-0.009376785906428731
1.975,-17.484729684786505,-0.019204078663513636,-0.008434041979564287
1.98,-17.734817758299325,-0.022660204538030627,-0.007518562434886652
1.985,-17.983330522754354,-0.02612263722938697,-0.006630557505847822
1.99,-18.230245903810932,-0.029591103626845756,-0.00577022784991042
1.995,-18.47554196901723,-0.03306532663742599,-0.004937764470073695
2,-18.71919692975839,-0.03654502485147264,-0.004133348639093657
2.005,-18.961189143191973,-0.04002991234872043,-0.003357151827288785
2.0100000000000002,-19.20149711417038,-0.043519698615931565,-0.0026093356350210947
2.015,-19.440099497150097,-0.04701408854524211,-0.0018900517308066407
2.02,-19.676975098087873,-0.050512782489577746,-0.0011994417956546278
2.025,-19.912102876323193,-0.05401547636444239,-5.37637473801958E-4
2.0300000000000002,-20.145461946447284,-0.05752186179933516,9.523967052796375E-5
2.035,-20.377031580158185,-0.06103162635236956,6.990781910522168E-4
2.04,-20.606791208102095,-0.06454445380508175,0.0012737767929333196
2.045,-20.834720421700364,-0.06806002454984443,0.0018192443626878232
2.05,-21.060798974962328,-0.07157801607097695,0.002335399995100972
2.055,-21.285006786283706,-0.07509811220767845,0.002822175789062791
2.06,-21.507323940230265,-0.07861996210352185,0.0032795028473589
2.065,-21.727730689306945,-0.08214325999735747,0.0037073372131067963
2.07,-21.946207455711875,-0.08566767878918864,0.004105643356905249
2.075,-22.16273483307544,-0.0891928752784363,0.00447438583955582
2.08,-22.37729358818395,-0.09271852573809118,0.004813543136557679
2.085,-22.5898646626882,-0.09624430967209928,0.0051231109236573695
2.09,-22.800429174796246,-0.09976989660793727,0.005403091359779163
2.095,-23.008968420950637,-0.10329495997603613,0.005653492616575822
2.1,-23.215463877489693,-0.10681917944507742,0.005874336606492309
2.105,-23.41989720229301,-0.11034223262430358,0.006065657937380102
2.11,-23.622250236410622,-0.1138637966089662,0.006227498586381519
2.115,-23.822505005676028,-0.11738355175265738,0.00635990953079838
2.12,-24.020643722302694,-0.12090117949679517,0.006462954204178267
2.125,-24.216648786464177,-0.1244163610798181,0.0065367067139622936
2.13,-24.410502787857357,-0.12792877897647442,0.006581249654776652
2.1350000000000002,-24.60218850724895,-0.13143811676988665,0.006596675692117541
2.14,-24.791688918005,-0.1349440579225569,0.006583088781256849
2.145,-24.97898718760331,-0.1384462855785037,0.006540602762632894
2.15,-25.164066679128613,-0.14194448253631733,0.0064693406535565046
2.1550000000000002,-25.346910952750317,-0.14543833063943454,0.006369435676398455
2.16,-25.5275037671828,-0.14892751032351645,0.00624103148684263
2.165,-25.705829081128112,-0.15241170054778425,0.006084281296781894
2.17,-25.88187105470073,-0.15589057872311077,0.005899347750494389
2.1750000000000003,-26.05561405083473,-0.1593638206652483,0.005686403455733708
2.18,-26.22704263667253,-0.16283110077000282,0.005445630863012855
2.185,-26.396141584935958,-0.16629209228884193,0.005177221781757596
2.19,-26.562895875278656,-0.16974646750500394,0.004881377410955058
2.195,-26.727290695620386,-0.17319389781700884,0.004558308529476005
2.2,-26.88931144346268,-0.17663405383575054,0.00420823528151872
2.205,-27.04894372718584,-0.18006660552224196,0.0038313869060936008
2.21,-27.206173367327455,-0.1834912223426897,0.0034280017575316858
2.215,-27.360986397841746,-0.18690757346791037,0.002998327312685348
2.22,-27.51336906734022,-0.1903153280601589,0.0025426199663671433
2.225,-27.663307840313077,-0.19371415563840094,0.002061144863794078
2.23,-27.81078939833152,-0.19710372650615535,0.0015541758732308926
2.235,-27.95580064123084,-0.20048371224361952,0.0010219955070105272
2.24,-28.09832868827396,-0.20385378620175443,4.6489474815108767E-4
2.245,-28.23836087929563,-0.20721362386916137,-1.1682707557491422E-4
2.25,-28.375884775826947,-0.21056290304806594,-7.2286236556883E-4
2.255,-28.510888162200267,-0.21390130389892043,-0.0013528953802652475
2.2600000000000002,-28.643359046634224,-0.21722850894615836,-0.0020066024033890606
2.265,-28.77328566229886,-0.22054420308894707,-0.0026836518736363555
2.27,-28.900656468360953,-0.2238480736137725,-0.003383704492561595
2.275,-29.025460151009018,-0.22713981018583368,-0.004106413364455159
2.2800000000000002,-29.14768562445836,-0.23041910481061234,-0.00485142415054498
2.285,-29.26732203193569,-0.23368565180706105,-0.005618375202514513
2.29,-29.384358746643542,-0.23693914785627151,-0.00640689769161765
2.295,-29.498785372704212,-0.24017929212003936,-0.007216615754640049
2.3000000000000003,-29.610591746083145,-0.24340578631865767,-0.00804714664314902
2.305,-29.719767935491774,-0.24661833464151872,-0.008898100867043903
2.31,-29.82630424326968,-0.24981664346868349,-0.009769082347565834
2.315,-29.930191206246015,-0.2530004210095033,-0.010659688583288736
2.32,-30.03141959658005,-0.2561693770050446,-0.011569510811867634
2.325,-30.129980422580836,-0.2593232225710742,-0.012498134162358822
2.33,-30.225864929505917,-0.26246167014967664,-0.013445137812259984
2.335,-30.31906460033896,-0.2655844334922741,-0.01441009515626582
2.34,-30.40957115654634,-0.26869122765115044,-0.015392573978007005
2.345,-30.497376558812398,-0.271781769035384,-0.016392136616814875
2.35,-30.582473007753602,-0.27485577558208807,-0.01740834013051788
2.355,-30.664852944611336,-0.2779129669944952,-0.018440736458466844
2.36,-30.74450905192327,-0.2809530649145545,-0.019488872590025137
2.365,-30.821434254173383,-0.2839757929356456,-0.020552290743903044
2.37,-30.8956217184204,-0.2869808764985097,-0.021630528557003592
2.375,-30.96706485490481,-0.2899680428178237,-0.022723119272616315
2.38,-31.035757317634122,-0.29293702095392776,-0.023829591920031173
2.3850000000000002,-31.101693004946622,-0.2958875420096044,-0.024949471488932878
2.39,-31.164866060053313,-0.2988193393370897,-0.02608227910750653
2.395,-31.22527087155816,-0.30173214868448683,-0.027227532227683336
2.4,-31.28290207395655,-0.3046257083381184,-0.02838474481330456
2.4050000000000002,-31.33775454811185,-0.307499759372038,-0.029553427525674535
2.41,-31.38982342171014,-0.31035404601371497,-0.0307330879052467
2.415,-31.43910406969301,-0.3131883159694416,-0.031923230552893984
2.42,-31.485592114668346,-0.3160023205086131,-0.033123357315746026
2.4250000000000003,-31.529283427299212,-0.31879581425973347,-0.03433296747944856
2.43,-31.570174126670576,-0.3215685548953341,-0.035551557963281175
2.435,-31.608260580634095,-0.32432030296268094,-0.03677862351242978
2.44,-31.64353940613071,-0.32705082196698754,-0.03801365688549137
2.445,-31.676007469491143,-0.32975987857485334,-0.03925614904034556
2.45,-31.70566188671429,-0.3324472427107906,-0.04050558932228279
2.455,-31.732500023723333,-0.3351126874589565,-0.041761465654254
2.46,-31.756519496599772,-0.33775598890512804,-0.04302326472523097
2.465,-31.777718171795136,-0.3403769261203141,-0.044290472173540256
2.47,-31.79609416632053,-0.3429752813185627,-0.04556257276706654
2.475,-31.811645847913862,-0.34555083999114145,-0.046839050587022125
2.48,-31.824371835184845,-0.34810339077980157,-0.048119389221127525
2.485,-31.834270997737722,-0.3506327250676214,-0.049403071964257965
2.49,-31.841342456271626,-0.35313863653253436,-0.05068958201649802
2.495,-31.845585582658725,-0.3556209209543221,-0.051978402668668475
2.5,-31.847,-0.3580793763362629,-0.0532690174757712
2.505,-31.845585582658725,-0.36051380312829046,-0.05456091043019262
2.5100000000000002,-31.841342456271626,-0.36292400430066374,-0.055853566147056014
2.515,-31.834270997737722,-0.36530978524714824,-0.057146470061612185
2.52,-31.824371835184845,-0.3676709537329409,-0.05843910862477295
2.525,-31.811645847913862,-0.37000732006879433,-0.05973096948263136
2.5300000000000002,-31.79609416632053,-0.37231869741030266,-0.06102154164101497
2.535,-31.77771817179514,-0.3746049018671897,-0.062310315631981174
2.54,-31.756519496599772,-0.3768657522362139,-0.06359678369835753
2.545,-31.732500023723333,-0.37910106955126366,-0.06488043999429766
2.5500000000000003,-31.70566188671429,-0.38131067687954523,-0.06616078078222754
2.555,-31.676007469491147,-0.38349439959891696,-0.06743730460858614
2.56,-31.64353940613071,-0.3856520659303064,-0.06870951246075924
2.565,-31.6082605806341,-0.38778350724561744,-0.06997690792457922
2.57,-31.570174126670576,-0.3898885579157703,-0.07123899735768549
2.575,-31.52928342729921,-0.39196705497112366,-0.07249529007374426
2.58,-31.485592114668346,-0.39401883807363475,-0.07374529851924264
2.585,-31.439104069693013,-0.39604374997059605,-0.0749885384329838
2.59,-31.389823421710144,-0.39804163703415196,-0.07622452899871177
2.595,-31.337754548111846,-0.4000123493006762,-0.07745279300923914
2.6,-31.28290207395655,-0.4019557398600021,-0.07867285704572789
2.605,-31.225270871558163,-0.40387166409262265,-0.07988425165475549
2.61,-31.164866060053317,-0.40575997943836645,-0.08108651150345726
2.615,-31.10169300494662,-0.4076205458799712,-0.08227917551426531
2.62,-31.035757317634122,-0.40945322663183015,-0.08346178700254325
2.625,-30.967064854904812,-0.4112578883500735,-0.08463389383709063
2.63,-30.895621718420404,-0.41303440070535596,-0.08579504861655923
2.6350000000000002,-30.82143425417338,-0.4147826358275277,-0.08694480883301096
2.64,-30.74450905192327,-0.416502468230217,-0.08808273700239967
2.645,-30.66485294461134,-0.41819377525046414,-0.08920840077403272
2.65,-30.582473007753606,-0.419856437420879,-0.09032137305367456
2.6550000000000002,-30.49737655881239,-0.4214903382179103,-0.09142123216252686
2.66,-30.409571156546342,-0.4230953632963025,-0.09250756201752665
2.665,-30.319064600338965,-0.4246713999127638,-0.09357995229372776
2.67,-30.22586492950592,-0.42621833709758217,-0.09463799854287812
2.6750000000000003,-30.12998042258083,-0.4277360663715154,-0.09568130228136446
2.68,-30.031419596580054,-0.429224482233406,-0.09670947108719587
2.685,-29.93019120624602,-0.43068348189880606,-0.0977221187340112
2.69,-29.826304243269682,-0.43211296460797743,-0.09871886535189052
2.695,-29.719767935491777,-0.4335128313393031,-0.09969933757771159
2.7,-29.610591746083138,-0.434882985356841,-0.10066316866789402
2.705,-29.498785372704216,-0.43622333307303063,-0.10160999858229636
2.71,-29.384358746643546,-0.43753378424146183,-0.10253947407362994
2.715,-29.267322031935695,-0.43881425108998895,-0.10345124880713194
2.72,-29.147685624458365,-0.4400646471216117,-0.10434498350103039
2.725,-29.02546015100902,-0.44128488678089167,-0.10522034605495881
2.73,-28.900656468360957,-0.44247488642726707,-0.10607701164484465
2.735,-28.773285662298864,-0.44363456576200627,-0.10691466279646143
2.74,-28.643359046634217,-0.4447638483465334,-0.10773298946937779
2.745,-28.51088816220027,-0.4458626607190036,-0.10853168916697063
2.75,-28.375884775826954,-0.44693093103711734,-0.10931046705346523
2.755,-28.238360879295634,-0.4479685886844564,-0.11006903604520143
2.7600000000000002,-28.09832868827395,-0.44897556529135496,-0.11080711686921542
2.765,-27.955800641230848,-0.4499517961122013,-0.11152443812127165
2.77,-27.810789398331526,-0.4508972202525146,-0.11222073636185383
2.775,-27.663307840313088,-0.4518117793850097,-0.11289575624808632
2.7800000000000002,-27.51336906734023,-0.4526954161867776,-0.11354925065155021
2.785,-27.360986397841753,-0.45354807408480957,-0.11418098071230545
2.79,-27.206173367327462,-0.45436969857984144,-0.11479071583746304
2.795,-27.048943727185843,-0.4551602387761434,-0.11537823371269024
2.8000000000000003,-26.88931144346267,-0.45591964753076175,-0.11594332038950472
2.805,-26.727290695620393,-0.45664788012033675,-0.1164857704359428
2.81,-26.562895875278663,-0.4573448929326099,-0.11700538706615429
2.815,-26.396141584935965,-0.45801064365289657,-0.11750198217452051
2.82,-26.227042636672536,-0.4586450927167758,-0.1179753762902495
2.825,-26.055614050834723,-0.4592482042849175,-0.11842539854991005
2.83,-25.88187105470074,-0.459819945407704,-0.11885188677075874
2.835,-25.70582908112812,-0.46036028405570384,-0.11925468760564498
2.84,-25.527503767182807,-0.4608691881234364,-0.11963365667356758
2.845,-25.346910952750306,-0.4613466266722915,-0.11998865857969833
2.85,-25.16406667912862,-0.46179257230098864,-0.12031956684711972
2.855,-24.978987187603316,-0.46220700215660654,-0.12062626386749015
2.86,-24.79168891800501,-0.4625898963637963,-0.12090864095129113
2.865,-24.60218850724894,-0.46294123538608145,-0.12116659844980635
2.87,-24.410502787857364,-0.463260999138957,-0.12140004584689155
2.875,-24.216648786464184,-0.46354916898969317,-0.12160890175631371
2.88,-24.020643722302705,-0.46380573070847014,-0.12179309386508691
2.8850000000000002,-23.822505005676025,-0.4640306752234185,-0.12195255891776918
2.89,-23.62225023641062,-0.46422399613544957,-0.12208724278132049
2.895,-23.41989720229302,-0.46438568633554916,-0.1221971005289751
2.9,-23.215463877489693,-0.4645157371930907,-0.12228209645162183
2.9050000000000002,-23.008968420950623,-0.4646141413153675,-0.12234220398453895
2.91,-22.800429174796264,-0.46468089623924025,-0.12237740563859968
2.915,-22.589864662688207,-0.464716005382266,-0.12238769302963204
2.92,-22.377293588183967,-0.4647194753260183,-0.12237306699204344
2.9250000000000003,-22.162734833075422,-0.46469131225605215,-0.12233353765617214
2.93,-21.94620745571189,-0.4646315212312834,-0.12226912438653788
2.935,-21.727730689306945,-0.4645401089646935,-0.1221798556161155
2.94,-21.507323940230272,-0.46441708707781154,-0.12206576873069741
2.945,-21.285006786283727,-0.4642624722896131,-0.12192691012382015
2.95,-21.060798974962335,-0.4640762833020037,-0.12176333537470568
2.955,-20.83472042170037,-0.4638585377577824,-0.12157510936357736
2.96,-20.606791208102095,-0.4636092526529502,-0.12136230617902048
2.965,-20.377031580158192,-0.4633284478678804,-0.12112500886561202
2.97,-20.14546194644728,-0.4630161489947812,-0.12086330922080742
2.975,-19.912102876323203,-0.4626723862499709,-0.12057730781208703
2.98,-19.676975098087894,-0.4622971904987775,-0.1202671141746473
2.985,-19.440099497150104,-0.46189059076761774,-0.11993284696930827
2.99,-19.20149711417037,-0.46145261625898326,-0.11957463391197097
2.995,-18.96118914319197,-0.4609833009887937,-0.11919261150497128
3,-18.7191969297584,-0.4604826859423966,-0.11878692479186294
3.005,-18.47554196901725,-0.45995081587461095,-0.11835772732784565
3.0100000000000002,-18.23024590381093,-0.4593877335975932,-0.11790518133658737
3.015,-17.983330522754365,-0.4587934777854274,-0.11742945783602153
3.02,-17.734817758299325,-0.4581680871882832,-0.11693073655418723
3.025,-17.484729684786515,-0.45751160750274644,-0.11640920567898118
3.0300000000000002,-17.233088516484617,-0.45682409389799644,-0.11586506165534874
3.035,-16.979916605617245,-0.4561056061748895,-0.11529850917771528
3.04,-16.725236440377394,-0.4553562010713998,-0.11470976129718993
3.045,-16.469070642929896,-0.45457592954126635,-0.11409903942719125
3.0500000000000003,-16.211441967402074,-0.45376484209902135,-0.11346657314662123
3.055,-15.952373297862517,-0.45292299705537414,-0.11281259994387217
3.06,-15.691887646288446,-0.4520504632132811,-0.11213736513617201
3.065,-15.430008150521562,-0.45114731404883557,-0.11144112201044556
3.0700000000000003,-15.166758072212845,-0.45021361919244596,-0.11072413195591521
3.075,-14.902160794756485,-0.4492494420026798,-0.10998666431502922
3.08,-14.63623982121252,-0.4482548458448098,-0.10922899595700473
3.085,-14.369018772219452,-0.447229902621482,-0.10845141090255102
3.09,-14.1005213838959,-0.44617469469775684,-0.10765420033087535
3.095,-13.8307715057324,-0.44508930831935584,-0.10683766292822619
3.1,-13.559793098472879,-0.4439738256756243,-0.10600210515381596
3.105,-13.287610231986243,-0.4428283241971493,-0.10514784102568388
3.11,-13.014247083128529,-0.4416528837901688,-0.10427519148632647
3.115,-12.739727933595155,-0.44044759390900756,-0.10338448385079721
3.12,-12.464077167764389,-0.4392125523443801,-0.10247605179658453
3.125,-12.187319270531034,-0.43794785671808895,-0.10155023583161948
3.13,-11.909478825131742,-0.436653598141086,-0.10060738368702533
3.1350000000000002,-11.6305805109614,-0.4353298647354681,-0.09964785013249866
3.14,-11.350649101380888,-0.43397675203584607,-0.09867199627377447
3.145,-11.069709461516627,-0.4325943690647348,-0.09768018890350359
3.15,-10.787786546051795,-0.43118283259401957,-0.09667280041647575
3.1550000000000002,-10.504905397009882,-0.429742254635409,-0.09565020922746444
3.16,-10.221091141530211,-0.42827273635062096,-0.09461280013239733
3.165,-9.936368989635948,-0.42677437588956035,-0.09356096413773715
3.17,-9.650764231994971,-0.42524728315106175,-0.0924950978478104
3.1750000000000003,-9.364302237673167,-0.423691586209649,-0.09141560294433694
3.18,-9.077008451881332,-0.42210742167056603,-0.09032288615321936
3.185,-8.788908393714598,-0.420494917695573,-0.08921735953783183
3.19,-8.50002765388601,-0.4188541869274621,-0.08809944059981799
3.1950000000000003,-8.210391892453165,-0.4171853374277825,-0.08696955190246465
3.2,-7.9200268365391215,-0.4154884915107675,-0.08582812049814378
3.205,-7.628958278047094,-0.41376379364433535,-0.08467557769783285
3.21,-7.337212071369381,-0.4120113990098437,-0.08351235934939376
3.215,-7.044814131091019,-0.4102314538465384,-0.08233890617739063
3.22,-6.7517904296876825,-0.40842408736217484,-0.08115566357899628
3.225,-6.4581669952188525,-0.40658942342997995,-0.07996308081082833
3.23,-6.163969909015765,-0.40472760004407016,-0.07876161020901211
3.235,-5.8692253033646375,-0.4028387765181588,-0.07755170717038654
3.24,-5.573959359185615,-0.4009231212399699,-0.07633383089706076
3.245,-5.278198303707118,-0.39898079321252944,-0.07510844506165472
3.25,-4.98196840813624,-0.39701193709273064,-0.07387601749886386
3.255,-4.685295985325111,-0.39501669688407437,-0.07263701893208462
3.2600000000000002,-4.388207387433656,-0.3929952331904497,-0.0713919217535284
3.265,-4.090729003589051,-0.3909477248697092,-0.07014119993569591
3.27,-3.7928872575413144,-0.3888743529300234,-0.06888533010212701
3.275,-3.4947086053165344,-0.38677528451704024,-0.06762479261529965
3.2800000000000002,-3.1962195328666474,-0.3846506756723155,-0.06636007144408353
3.285,-2.897446553716988,-0.3825006912051287,-0.06509165272344498
3.29,-2.5984162066111294,-0.3803255200460692,-0.06382002321270919
3.295,-2.2991550531534677,-0.3781253674582192,-0.06254566998469682
3.3000000000000003,-1.9996896754500395,-0.3759004300515295,-0.061269081470341796
3.305,-1.7000466737472315,-0.37365087997725716,-0.05999074864022706
3.31,-1.400252664069049,-0.3713768776140982,-0.05871116499039136
3.315,-1.1003342758528427,-0.3690786025867311,-0.05743082523680927
3.3200000000000003,-0.800318149583955,-0.36675627144665873,-0.056150223931836725
3.325,-0.500230934429558,-0.36441012122835675,-0.054869855232458124
3.33,-0.20009928587115128,-0.3620403726392637,-0.053590213776227816
3.335,0.10005013666279243,-0.35964720969193664,-0.05231179543628594
3.34,0.40019067216512605,-0.3572307984613302,-0.051035096915954904
3.345,0.7002956604180154,-0.35479132847717365,-0.04976061449756686
3.35,1.0003384443611383,-0.35232903567622126,-0.0484888432643105
3.355,1.3002923724596043,-0.3498441825833325,-0.04722027759556801
3.36,1.6001308010710986,-0.34733701419882385,-0.0459554122201349
3.365,1.8998270968127815,-0.3448077335533691,-0.04469474231391913
3.37,2.1993546389266787,-0.34225652190665123,-0.04343876206848538
3.375,2.498686821644684,-0.3396835834347221,-0.04218796293229332
3.38,2.797797056551506,-0.3370891691676421,-0.0409428333573224
3.3850000000000002,3.0966587749466488,-0.33447355629684844,-0.03970386046753773
3.39,3.395245430204209,-0.33183700506878333,-0.038471531937608876
3.395,3.693530500130981,-0.32917973829356195,-0.0372463358397273
3.4,3.9914874893223953,-0.3265019639354924,-0.036028758091080255
3.4050000000000002,4.289089931515826,-0.32380391520839036,-0.03481927966570593
3.41,4.586311391941563,-0.3210858642359219,-0.03361837625657095
3.415,4.883125469670983,-0.3183480947122789,-0.032426520814141005
3.42,5.179505799961438,-0.3155908646772606,-0.031244186470381304
3.4250000000000003,5.475426056598374,-0.3128144024003986,-0.03007184676941156
3.43,5.770859954233441,-0.3100189420207494,-0.028909972644830622
3.435,6.065781250719712,-0.3072047596679558,-0.027759028812562186
3.44,6.36016374944231,-0.3043721667672149,-0.026619472916324945
3.4450000000000003,6.653981301645604,-0.3015214627867723,-0.025491758101202702
3.45,6.947207808755699,-0.2986528972427117,-0.024376336319617053
3.455,7.23981722469874,-0.2957666865617623,-0.02327365898083428
3.46,7.53178355821456,-0.2928630749123389,-0.022184174253933188
3.465,7.823080875165183,-0.2899423771556123,-0.02110832368032131
3.47,8.113683300838662,-0.2870049538646182,-0.020046541315151222
3.475,8.40356502224723,-0.2840511365075556,-0.018999255874830014
3.48,8.692700290420238,-0.28108117679659317,-0.017966893249515507
3.485,8.981063422691413,-0.278095276295375,-0.016949876520036006
3.49,9.268628804979976,-0.27509367316658095,-0.015948623482334584
3.495,9.555370894065934,-0.27207670141052465,-0.014963544482764029
3.5,9.841264219858942,-0.26904476020471285,-0.013995042973182523
3.505,10.126283387660767,-0.26599821926481004,-0.013043517998048626
3.5100000000000002,10.410403080420963,-0.26293735250194433,-0.012109365404504661
3.515,10.69359806098551,-0.2598623669592465,-0.011192975780095355
3.52,10.975843174338847,-0.2567734995548304,-0.010294730889790521
3.525,11.257113349837987,-0.25367108558357754,-0.009415002564339685
3.5300000000000002,11.53738360343966,-0.25055553124726926,-0.008554155789657316
3.535,11.816629039919366,-0.24742721989051342,-0.007712553116602377
3.54,12.094824855082784,-0.24428644818170145,-0.006890555438988767
3.545,12.37194633796911,-0.24113345529525124,-0.006088517386811909
3.5500000000000003,12.64796887304586,-0.23796851019782558,-0.005306781243311606
3.555,12.922867942395483,-0.23479196272980354,-0.004545675511067139
3.56,13.196619127893115,-0.2316042060510039,-0.0038055201488304143
3.565,13.469198113375631,-0.228405595719543,-0.003086633748636053
3.5700000000000003,13.740580686801513,-0.225196417920426,-0.0023893353969474808
3.575,14.010742742401325,-0.22197694350842773,-0.0017139387334236347
3.58,14.279660282819263,-0.21874750577386531,-0.0010607434730595263
3.585,14.547309421244423,-0.2155085084848213,-4.3003254728085383E-4
3.59,14.81366638353281,-0.21226034637655755,1.7792223864336425E-4
3.595,15.078707510318909,-0.20900332341072952,7.628515114935303E-4
3.6,15.342409259117314,-0.20573766809388547,0.0013244851897918244
3.605,15.604748206414,-0.20246364481242912,0.0018625580242087414
3.61,15.865701049746745,-0.19918164794658494,0.002376818265054495
3.615,16.125244609775226,-0.19589216774519932,0.0028670309089780213
3.62,16.38335583233963,-0.19259564467703055,0.0033329727396035694
3.625,16.640011790508805,-0.18929235477114806,0.0037744247973804427
3.63,16.895189686616547,-0.1859824536513512,0.004191170252136605
3.6350000000000002,17.148866854286645,-0.18266615243425996,0.004582999545976127
3.64,17.401020760446276,-0.17934385651742374,0.004949716726897213
3.645,17.651629007327486,-0.17601612093739843,0.005291139861444045
3.65,17.900669334456797,-0.1726834531814164,0.005607095390145449
3.6550000000000002,18.148119620632365,-0.1693461521768461,0.0058974133998591066
3.66,18.39395788588895,-0.16600434576260464,0.006161930000621226
3.665,18.638162293450417,-0.16265819591928155,0.006400494757030714
3.67,18.880711151669235,-0.1593080724024069,0.006612974498469492
3.6750000000000003,19.121582915953443,-0.15595452430856654,0.0067992479531350306
3.68,19.3607561906801,-0.15259807992463648,0.00695919592629566
3.685,19.598209731096077,-0.14923907561811364,0.007092697917935952
3.69,19.83392244520491,-0.14587768029372658,0.0071996405792980256
3.6950000000000003,20.06787339564045,-0.14251407993984772,0.007279930821041185
3.7,20.30004180152653,-0.13914862669123176,0.007333499927838305
3.705,20.530407040322896,-0.13578180437886056,0.007360292785722033
3.71,20.758948649657086,-0.13241406236812325,0.00736025156594246
3.715,20.98564632914187,-0.12904570672951218,0.007333310215634251
3.72,21.210479942178605,-0.12567696465351202,0.007279406691295122
3.725,21.43342951774575,-0.12230813832257467,0.007198502141038333
3.73,21.65447525217287,-0.118939660462317,0.007090588262197216
3.735,21.873597510899764,-0.1155719771382447,0.006955674855422957
3.74,22.0907768302204,-0.11220539038110618,0.006793769058276628
3.745,22.305993919011886,-0.10884005855290994,0.006604866386958097
3.75,22.519229660447976,-0.10547618509876926,0.006388962577582665
3.755,22.730465113697175,-0.10211420045080208,0.00614607455168089
3.7600000000000002,22.93968151560518,-0.09875471406870702,0.005876249813946782
3.765,23.146860282361388,-0.09539824399416193,0.005579555543387479
3.77,23.35198301114987,-0.09204498872176395,0.005256059132230546
3.775,23.55503148178377,-0.08869490388030757,0.004905819954036916
3.7800000000000002,23.755987658323924,-0.08534805086888111,0.0045288998418277614
3.785,23.95483369068076,-0.08200488586128654,0.004125379842238583
3.79,24.151551916199914,-0.07866617860673404,0.0036953649936725223
3.795,24.346124861231193,-0.07533260320287523,0.003238972893260058
3.8000000000000003,24.538535242680563,-0.07200438595969029,0.002756320017155862
3.805,24.7287659695454,-0.06868136829782964,0.0022475222035774995
3.81,24.916800144432596,-0.06536344665715707,0.0017127091389151296
3.815,25.102621065059527,-0.06205097203737427,0.0011520352113844107
3.8200000000000003,25.28621222573762,-0.05874471818025628,5.656719731241386E-4
3.825,25.467557318838374,-0.05544544611782356,-4.621155850870005E-5
3.83,25.646640236242103,-0.05215348966296367,-6.834585251546029E-4
3.835,25.823445070768592,-0.04886876030101829,-0.0013459096165723426
3.84,25.997956117590157,-0.04559114731391907,-0.0020333763071742166
3.845,26.170157875626565,-0.04232090184258944,-0.002745630674995562
3.85,26.340035048921965,-0.039058633959531075,-0.003482426743745443
3.855,26.507572548003605,-0.03580496486906274,-0.0042435355002493165
3.86,26.672755491222073,-0.0325602215637262,-0.005028757869552917
3.865,26.835569206073295,-0.0293244810682926,-0.0058378987093036785
3.87,26.995999230501642,-0.026097870069515194,-0.006670724300969445
3.875,27.154031314184778,-0.02288075118010293,-0.007526945732012631
3.88,27.309651419799238,-0.019673582810496467,-0.008406247356637178
3.8850000000000002,27.462845724267456,-0.01647664020852727,-0.009308334897723309
3.89,27.61360061998552,-0.013289968541358405,-0.010232956601136486
3.895,27.761902716031884,-0.010113672732701352,-0.011179875014646394
3.9,27.907738839356924,-0.0069482233044993735,-0.012148816277299312
3.9050000000000002,28.0510960359529,-0.003794370452915531,-0.013139447210526421
3.91,28.191961572004697,-6.526656045846956E-4,-0.014151402153116948
3.915,28.330322935020927,0.002476927667753784,-0.015184332295702742
3.92,28.46616783494529,0.0055948504054939684,-0.01623792806789913
3.9250000000000003,28.599484205248334,0.00870127057097851,-0.017311893783680598
3.93,28.730260203999155,0.011795560396511886,-0.018405903666310727
3.935,28.858484214917418,0.014876520657858595,-0.019519585547775744
3.94,28.98414484840505,0.01794323224726085,-0.020652546602927126
3.9450000000000003,29.10723094255803,0.020995738170326662,-0.02180441028175437
3.95,29.227731564157754,0.024034842498847103,-0.022974822478899693
3.955,29.34563600964226,0.027061144941603547,-0.02416342134011761
3.96,29.460933806056985,0.03007421065725216,-0.025369808745885063
3.9650000000000003,29.57361471198498,0.033072696810780094,-0.02659355992088991
3.97,29.68366871845664,0.03605534820751324,-0.0278342624654177
3.975,29.791086049838785,0.039021919239200356,-0.029091538912140318
3.98,29.89585716470292,0.04197314166016873,-0.03036502022026708
3.985,29.99797275667285,0.04490978845660255,-0.03165429270090369
3.99,30.097423755251242,0.047831755629747744,-0.03295887830183664
3.995,30.19420132662537,0.050738026833247254,-0.03427827946051481
4,30.288296874451753,0.05362747937527292,-0.0356120500235319
4.005,30.379702040619776,0.05649967752201022,-0.03695981718427471
4.01,30.46840870599407,0.05935489776076598,-0.03832122165571279
4.015,30.554408991135695,0.06219348337429267,-0.039695828751008855
4.0200000000000005,30.637695257002086,0.06501526700347095,-0.04108306554495644
4.025,30.718260105625497,0.06781975924489722,-0.04248243693404275
4.03,30.79609638077027,0.0706066696905752,-0.04389344255921244
4.035,30.871197168568383,0.07337585117514764,-0.04531566167539064
4.04,30.943555798133612,0.07612704963054634,-0.04674869105956443
4.045,31.013165842154123,0.07885987972820171,-0.04819209368885186
4.05,31.080021117463282,0.0815738222803044,-0.04964530799161519
4.055,31.144115685588993,0.08426860242568376,-0.051107820787226595
4.0600000000000005,31.205443853281114,0.08694436292305743,-0.05257914217751174
4.065,31.26400017301717,0.08960144401313,-0.054058764484899276
4.07,31.31977944348627,0.09223989474381472,-0.05554620764555702
4.075,31.372776710051085,0.09485911859761538,-0.05704102828442041
4.08,31.422987265187974,0.09745807168852824,-0.058542741779157484
4.085,31.4704066489051,0.10003598187249796,-0.06005079409129057
4.09,31.515030649138627,0.10259296148754989,-0.061564636534936275
4.095,31.556855302126817,0.10513001121858497,-0.06308376189867895
4.1,31.59587689276217,0.10764742893429897,-0.0646077356309546
4.105,31.63209195492139,0.11014468048693357,-0.06613600219919985
4.11,31.665497271773223,0.11262084878630704,-0.0676680291038593
4.115,31.6960898760643,0.11507522179373861,-0.06920331921338858
4.12,31.723867050382616,0.11750759239669677,-0.07074137118072533
4.125,31.748826327398927,0.1199181496578126,-0.07228166665930386
4.13,31.77096549008594,0.12230709682297429,-0.07382370210506214
4.135,31.790282571915206,0.12467453379068243,-0.07536688671161808
4.14,31.806775857031838,0.12702023878082153,-0.07691071833436278
4.1450000000000005,31.820443880406874,0.12934368243429245,-0.0784547125910337
4.15,31.831285427967455,0.13164429404459935,-0.07999833658963304
4.155,31.839299536704633,0.1339217756773824,-0.08154106515280035
4.16,31.84448549475893,0.1361761683639961,-0.08308241355609275
4.165,31.846842841483582,0.13840763420844246,-0.08462186956784463
4.17,31.846371367485396,0.14061620475698178,-0.08615885980234117
4.175,31.843071114643443,0.1428017200177593,-0.08769281805331641
4.18,31.836942376105256,0.1449638069022198,-0.08922326395067429
4.1850000000000005,31.82798569626082,0.14710206250572722,-0.09074974336295087
4.19,31.816201870694236,0.14921611809100127,-0.09227175616214893
4.195,31.801591946113028,0.15130575201860835,-0.09378876323777716
4.2,31.784157220255167,0.1533709870553836,-0.09530022315196786
4.205,31.763899241773814,0.1554120457082322,-0.09680560197285791
4.21,31.74081981009975,0.157429113649852,-0.09830438301105897
4.215,31.71492097528155,0.15942196865699648,-0.0997960747609467
4.22,31.686205037803465,0.16138999280757282,-0.10128026595873961
4.225,31.65467454838111,0.16333259836779437,-0.10275642219186817
4.23,31.620332307734856,0.16524955425313312,-0.10422401153002543
4.235,31.583181366341094,0.1671410150216974,-0.10568253497764532
4.24,31.54322502416125,0.16900725846309897,-0.10713150336765337
4.245,31.50046683034867,0.17084837590168772,-0.10857042727822429
4.25,31.45491058293336,0.17266414210150852,-0.10999882454141849
4.255,31.40656032848461,0.17445412263377502,-0.11141622211011168
4.26,31.35542036175161,0.17621794233992738,-0.11282217059806501
4.265,31.301495225281887,0.1779552776353193,-0.11421614383170027
4.2700000000000005,31.24478970901786,0.17966611776017508,-0.11559769646695922
4.275,31.185308849871365,0.18135067832380755,-0.11696639855797845
4.28,31.123057931276254,0.18300910587434266,-0.11832176037215354
4.285,31.05804248271904,0.18464127366415523,-0.1196632844148522
4.29,30.99026827924779,0.18624680190017234,-0.1209905364300568
4.295,30.919741340959135,0.1878252477457994,-0.1223031132913492
4.3,30.846467932463515,0.1893763372529213,-0.12360057924248188
4.305,30.770454562328776,0.19090008507237993,-0.12488247639071452
4.3100000000000005,30.69170798250193,0.19239669306263613,-0.12614836605971905
4.315,30.61023518770957,0.19386637298750972,-0.127397828733657
4.32,30.526043414836376,0.19530904699239007,-0.12863042516205667
4.325,30.43914014228241,0.1967242592596192,-0.12984572090379817
4.33,30.349533089298866,0.19811157016878728,-0.13104335107907797
4.335,30.257230215302283,0.19947073122955658,-0.13222296559370483
4.34,30.162239719167637,0.20080175149060947,-0.1333841523294739
4.345,30.06457003850001,0.20210484676558393,-0.13452646171542892
4.3500000000000005,29.964229848885203,0.2033802822382209,-0.13564948016446166
4.355,29.861228063119057,0.20462815841539136,-0.13675285976677354
4.36,29.755573830415724,0.20584815252649227,-0.13783626857115427
4.365,29.647276535595058,0.20703955390296064,-0.13889935088062919
4.37,29.53634579824895,0.2082017199214508,-0.1399417587327388
4.375,29.42279147188695,0.20933473052964593,-0.14096314609025531
4.38,29.306623643060878,0.21043925129045182,-0.14196311925846838
4.385,29.187852630468992,0.21151599680371622,-0.14294129741012446
4.39,29.066488984039378,0.21256507242798883,-0.14389738625897552
4.3950000000000005,28.942543483992793,0.21358571180644068,-0.1448311334821987
4.4,28.816027139885314,0.21457673491040014,-0.14574223875394354
4.405,28.686951189630108,0.21553745831848295,-0.14663035975399819
4.41,28.55532709849941,0.21646828786573868,-0.14749518226948982
4.415,28.42116655810606,0.21737040273466474,-0.14833642886242854
4.42,28.284481485364953,0.21824473765063607,-0.14915381009157794
4.425,28.145284021434627,0.21909113063825852,-0.14994702156102385
4.43,28.003586530638664,0.219908135404801,-0.15071579065032464
4.4350000000000005,27.85940159936747,0.22069481234821847,-0.1514599365198812
4.44,27.71274203496039,0.22145104875883193,-0.15217921743016594
4.445,27.56362086456788,0.22217739032307726,-0.1528733789523195
4.45,27.41205133399459,0.2228745183381732,-0.15354217004988222
4.455,27.25804690652258,0.22354277648432558,-0.15418534332076553
4.46,27.101621261715568,0.22418207877282104,-0.1548026783585208
4.465,26.94278829420377,0.22479198161837602,-0.15539394276917035
4.47,26.781562112449798,0.22537188228980462,-0.15595898188435456
4.4750000000000005,26.61795703749529,0.22592138551661695,-0.15649766890922243
4.48,26.451987601689037,0.2264405254666142,-0.1570098266631969
4.485,26.283668547395965,0.22692971988013602,-0.15749523112095837
4.49,26.113014825687664,0.2273894872585303,-0.15795367405605423
4.495,25.940041595014506,0.22782008225803135,-0.15838499649349813
4.5,25.764764219858957,0.22822127656344499,-0.15878907707300602
4.505,25.587198269370948,0.22859232722831263,-0.15916581828051793
4.51,25.4073595159849,0.22893279705571917,-0.15951513204841275
4.515,25.225263934018706,0.22924264904513209,-0.15983688463209902
4.5200000000000005,25.040927698254883,0.2295222258340018,-0.16013093345021215
4.525,24.854367182503783,0.22977199005955198,-0.1603971569724686
4.53,24.665598958149083,0.2299922050658302,-0.16063546395509556
4.535,24.47463979267595,0.23018277409260257,-0.16084578727240142
4.54,24.281506648181573,0.23034333211205058,-0.16102807305064543
4.545,24.086216679868635,0.2304735450371748,-0.16118227318286163
4.55,23.888787234521264,0.230573146735171,-0.16130833310331713
4.555,23.689235848964355,0.2306422167574301,-0.16140620736915332
4.5600000000000005,23.48758024850577,0.230681155320684,-0.1614758539599842
4.565,23.28383834536196,0.23069038567820005,-0.161517233119277
4.57,23.078028237066864,0.2306700193409314,-0.16153032218046162
4.575,22.87016820486428,0.23061974993520784,-0.1615151272023658
4.58,22.660276712084126,0.23053907118812375,-0.16147167348482935
4.585,22.448372402502375,0.23042766537286763,-0.16139998687667553
4.59,22.23447409868513,0.2302856637682745,-0.1613000867804475
4.595,22.01860080031648,0.23011366416754622,-0.16117198952109466
4.6000000000000005,21.800771682510938,0.22991200463270597,-0.16101571847196475
4.605,21.58100609411035,0.22968068985710538,-0.16083131993132394
4.61,21.3593235559649,0.2294194676030537,-0.16061886297864433
4.615,21.135743759199492,0.22912803914895444,-0.16037843292832007
4.62,20.91028656346441,0.2288062542648305,-0.16011012063590022
4.625,20.68297199517138,0.22845415527177426,-0.15981401169577394
4.63,20.453820245714716,0.22807195725605856,-0.1594902062559843
4.635,20.222851669677745,0.22765996287421472,-0.15913879196555722
4.64,19.99008678302496,0.22721837825662874,-0.15875986422041594
4.6450000000000005,19.755546261279367,0.22674718490256604,-0.15835355217052077
4.65,19.519250937686344,0.22624615946916865,-0.1579200132443176
4.655,19.28122180136277,0.2257150416783753,-0.15745940762254065
4.66,19.04147999543279,0.22515374847188863,-0.1569718865135504
4.665,18.800046815149916,0.22456247992250522,-0.156457599362076
4.67,18.55694370600516,0.22394162385169936,-0.15591670199376742
4.675,18.31219226182233,0.22329153171552032,-0.15534936023336904
4.68,18.06581422283982,0.2226122851566598,-0.15475576016588186
4.6850000000000005,17.817831473779684,0.22190357786202294,-0.15413611750449624
4.69,17.568266041903605,0.22116493107777413,-0.153490667266658
4.695,17.317140095056207,0.22039614167009694,-0.15281963068373042
4.7,17.064475939696123,0.21959765846399854,-0.15212319841066943
4.705,16.810296018914517,0.21877016982454295,-0.151401574681142
4.71,16.554622910441736,0.21791414560540484,-0.15065499639704688
4.715,16.29747932464156,0.21702949601434768,-0.1498837234871014
4.72,16.03888810249411,0.21611565175767486,-0.14908802779279937
4.7250000000000005,15.778872213566885,0.2151720078459299,-0.14826819136234257
4.73,15.517454753974627,0.21419841935284537,-0.1474245018443856
4.735,15.25465894432769,0.2131956151008148,-0.14655722571101082
4.74,14.990508127669349,0.21216450981763613,-0.14566661261640607
4.745,14.725025767402483,0.21110560207458437,-0.14475293175386697
4.75,14.458235445205332,0.21001864471516055,-0.14381649535441277
4.755,14.190160858937018,0.2089028744875685,-0.14285764873546705
4.76,13.92082582053228,0.20775759460593282,-0.14187674639937886
4.765,13.650254253886548,0.20658275312145874,-0.1408741350938817
4.7700000000000005,13.378470192730797,0.20537921341978413,-0.13985013145143185
4.775,13.105497778496865,0.20414822443980993,-0.1388050151077091
4.78,12.831361258172999,0.2028904448290266,-0.13773906853467024
4.785,12.556084982149962,0.20160525060387693,-0.13665266569598522
4.79,12.279693402058266,0.20029158095062383,-0.1355462591630912
4.795,12.00221106859618,0.19894868629965315,-0.1344202943603298
4.8,11.723662629348938,0.19757670080318115,-0.1332751395470133
4.805,11.444072826599617,0.19617665768414594,-0.13211109683514602
4.8100000000000005,11.163466495131008,0.19474991729490276,-0.13092846601750224
4.815,10.881868560020068,0.19329745221444822,-0.12972760476184245
4.82,10.599304034423573,0.19181878994697468,-0.12850898075592349
4.825,10.315798017356446,0.19031251557238554,-0.1272731028278058
4.83,10.031375691462491,0.1887772845174847,-0.1260204484645133
4.835,9.746062320777199,0.18721294440338065,-0.12475140679389987
4.84,9.459883248483864,0.18562090482894272,-0.12346630150021491
4.845,9.172863894662353,0.18400333192114685,-0.12216547158716468
4.8500000000000005,8.885029754031295,0.18236191092343393,-0.1208493429354865
4.855,8.596406393683406,0.1806961024059294,-0.11951843728631514
4.86,8.307019450814346,0.17900305202998384,-0.11817329743190316
4.865,8.016894630445645,0.17727990539994926,-0.1168144168553907
4.87,7.726057703141319,0.17552681514835675,-0.11544222711762504
4.875,7.434534502719017,0.17374794491170356,-0.1140571059963815
4.88,7.142350923954958,0.17194733866890016,-0.11265943321804221
4.885,6.8495329202840445,0.17012420841339307,-0.11124961318531416
4.89,6.556106501494463,0.1682760850874293,-0.10982820330434263
4.8950000000000005,6.262097731417242,0.1664006289457669,-0.10839578010429825
4.9,5.96753272561155,0.16449709195104636,-0.1069528802020294
4.905,5.672437649044297,0.16256651578404052,-0.1054999888453954
4.91,5.376838713766451,0.16061080977928271,-0.10403754059679701
4.915,5.080762176584627,0.15863152884835624,-0.1025659461067345
4.92,4.784234336728746,0.1566291905896052,-0.10108562637071467
4.925,4.487281533516209,0.15460347751027143,-0.09959712651835141
4.93,4.189930144011954,0.1525531808103103,-0.09810098980391363
4.9350000000000005,3.8922065806856545,0.15047711040890627,-0.09659778346591649
4.94,3.5941372890657854,0.14837505553188735,-0.09508808958408482
4.945,3.295748745390182,0.14624802972412368,-0.09357240245994801
4.95,2.99706745425472,0.14409769648052817,-0.09205109809485586
4.955,2.698119946258626,0.1419253958680274,-0.09052456544144966
4.96,2.398932775648105,0.13973134712851884,-0.08899333719198214
4.965,2.099532517957525,0.137514217096307,-0.0874581023801736
4.97,1.799945767649048,0.13527273678791857,-0.08591939869087882
4.9750000000000005,1.5001991357499649,0.1330065664529463,-0.08437778298995047
4.98,1.2003192474893989,0.1307164358724942,-0.08283373622299114
4.985,0.9003327399329045,0.12840367677752387,-0.08128769607938358
4.99,0.6002662596165785,0.12606945534090386,-0.07974013324920676
4.995,0.3001464601803302,0.1237141813014272,-0.0781915784956173
5,1.1700397983733727E-14,0.12133745113673762,-0.07664259766006513