0,31.847,1.0498218999116236E-4,3.845580551354204E-6
0.005,31.847,0.09721331995871893,-0.023838746206100964
0.01,31.847,0.08809039434144195,-0.009374115407430068
0.015,31.847,0.0914902287057484,-0.015482580817912962
0.02,31.847,0.09297854957444278,-0.01565617056438925
0.025,31.847,0.09419481875896074,-0.016471456614075865
0.03,31.847,0.09503470503643352,-0.017531722768668895
0.035,31.847,0.09557784987657367,-0.018583513413817962
0.04,31.847,0.09596936549131821,-0.019633490765398064
0.045,31.847,0.09634971208282021,-0.02070329132518218
0.05,31.847,0.096828894775743,-0.021795597347227528
0.055,31.847,0.0974840632187458,-0.022908438796831472
0.06,31.847,0.09836426450061346,-0.024040568080945547
0.065,31.847,0.09949765774911265,-0.025191228684129777
0.07,31.847,0.10089864213158928,-0.026359675627885024
0.075,31.847,0.10257311765481365,-0.027545138805305062
0.08,31.847,0.10452136884337233,-0.028746897622455844
0.085,31.847,0.1067389531012403,-0.029964330695596383
0.09,31.847,0.10921630501908772,-0.031196929414292942
0.095,31.847,0.1119377949361362,-0.032444284042566905
0.1,31.847,0.11488088446803255,-0.0337060549457966
0.105,31.847,0.11801585442361566,-0.034981942280915286
0.11,31.847,0.12130635892405564,-0.03627166252067931
0.115,31.847,0.12471081941334997,-0.03757493375360395
0.12,31.847,0.12818446585425464,-0.038891468065916285
0.125,31.847,0.13168170508366864,-0.040220968695007346
0.13,31.847,0.13515846727635913,-0.04156313019693879
0.135,31.847,0.1385742391713645,-0.04291764027301666
0.14,31.847,0.1418936034989752,-0.04428418203277659
0.145,31.847,0.14512831105615767,-0.04566203286258459
0.15,31.847,0.14823985288457717,-0.04705181259985524
0.155,31.847,0.15120364230675182,-0.04845244852964228
0.16,31.847,0.15400049144029412,-0.04986357781232587
0.165,31.847,0.15661793692263362,-0.05128512213402718
0.17,31.847,0.15905064638460192,-0.052716846484792954
0.17500000000000002,31.847,0.16129639261696577,-0.05415833760501378
0.18,31.847,0.16335904020005368,-0.055609224469796055
0.185,31.847,0.16524871535574656,-0.05706925577679851
0.19,31.847,0.16698071269148215,-0.05853813692628776
0.195,31.847,0.16857442776782286,-0.06001545392094008
0.2,31.847,0.17005275240797602,-0.06150081321905139
0.20500000000000002,31.847,0.17144148035929,-0.06299390343441122
0.21,31.847,0.1727682801516519,-0.06449438709551243
0.215,31.847,0.17406235763119757,-0.06600184060591041
0.22,31.847,0.1753530730540262,-0.0675158698954814
0.225,31.847,0.1766683638398398,-0.06903619143390449
0.23,31.847,0.17803329575736493,-0.07056247152993414
0.23500000000000001,31.847,0.17946899179049422,-0.07209425579948599
0.24,31.847,0.18099203212102882,-0.07363118678367145
0.245,31.847,0.1826141425734091,-0.07517305589370403
0.25,31.847,0.18434210629370362,-0.0767195314685783
0.255,31.847,0.18617809212514547,-0.07827015597027746
0.26,31.847,0.18812029376411915,-0.07982470529822956
0.265,31.847,0.1901633759165639,-0.08138315076476464
0.27,31.847,0.19229864162741944,-0.08294521822362175
0.275,31.847,0.19451435335463566,-0.08451049859158528
0.28,31.847,0.1967961509807883,-0.0860789729968095
0.28500000000000003,31.847,0.19912723069785526,-0.08765089034664823
0.29,31.847,0.20148831341763715,-0.089225792496597
0.295,31.847,0.2038586068053027,-0.09080295242769867
0.3,31.847,0.20621755766193,-0.09238301195463804
0.305,31.847,0.20854531985047425,-0.0939667137944277
0.31,31.847,0.21082265261788002,-0.0955522343404499
0.315,31.847,0.2130331581298827,-0.0971386948330575
0.32,31.847,0.2151648857227569,-0.09872831042886232
0.325,31.847,0.21720854365142367,-0.10032167864299894
0.33,31.847,0.2191564470315927,-0.10191552916904763
0.335,31.847,0.22100512480812604,-0.10350910351470675
0.34,31.847,0.22275643088573874,-0.10510638979282644
0.34500000000000003,31.847,0.22441222576376324,-0.10670678354277338
0.35000000000000003,31.847,0.22597555939335381,-0.10830672758223911
0.355,31.847,0.22745360754458632,-0.10990626704563326
0.36,31.847,0.22885692230707386,-0.11150801170422847
0.365,31.847,0.2301966506951766,-0.11311170139092978
0.37,31.847,0.2314846169466124,-0.11471481830965857
0.375,31.847,0.2327351365925959,-0.11631709456823543
0.38,31.847,0.2339643096809184,-0.11792024141750329
0.385,31.847,0.23518754315249488,-0.11952441156833515
0.39,31.847,0.23641831760777135,-0.12112740183386406
0.395,31.847,0.2376690668534469,-0.12272856283180578
0.4,31.847,0.23895137658875015,-0.12433026743430567
0.405,31.847,0.24027351050381718,-0.12593275002065607
0.41000000000000003,31.847,0.241639738016331,-0.12753244857793827
0.41500000000000004,31.847,0.24305347568151947,-0.1291285401191888
0.42,31.847,0.2445189046818054,-0.13072632343801077
0.425,31.847,0.2460348699284462,-0.13232476189724104
0.43,31.847,0.24759678680109637,-0.133918499627512
0.435,31.847,0.24920161857983986,-0.13550855314257715
0.44,31.847,0.25084651549670733,-0.13709941108926055
0.445,31.847,0.2525245822011252,-0.13869044072552603
0.45,31.847,0.25422557369394977,-0.14027767926747134
0.455,31.847,0.2559395635188347,-0.1418608053035795
0.46,31.847,0.25765757828770963,-0.14344401976935267
0.465,31.847,0.2593688575941527,-0.14502784748276898
0.47000000000000003,31.847,0.2610606974504882,-0.14660686673213305
0.47500000000000003,31.847,0.2627236479265927,-0.1481804435635334
0.48,31.847,0.26435278492181724,-0.1497555779556339
0.485,31.847,0.2659406259179118,-0.15133140078768675
0.49,31.847,0.26747954304523824,-0.15290193786340364
0.495,31.847,0.2689672495506031,-0.15446728386984568
0.5,31.847,0.27040522446882587,-0.15603252941921586
0.505,31.847,0.27179285135435527,-0.1575980793778505
0.51,31.847,0.27312733063109296,-0.15915916706463584
0.515,31.847,0.2744106497490764,-0.16071615442832304
0.52,31.847,0.27564775984985246,-0.1622710947312343
0.525,31.847,0.27684396611721646,-0.16382406696300852
0.53,31.847,0.27800344528717413,-0.16537411335355964
0.535,31.847,0.2791319316979629,-0.16692055073651935
0.54,31.847,0.2802361684470916,-0.16846379988719476
0.545,31.847,0.28132382268856987,-0.1700043099206206
0.55,31.847,0.2824031845103417,-0.1715416311353193
0.555,31.847,0.2834841922023837,-0.17307517899898128
0.56,31.847,0.2845722735224743,-0.17460522210580912
0.5650000000000001,31.847,0.2856719005615497,-0.17613187659062615
0.5700000000000001,31.847,0.2867865513266459,-0.17765492991051887
0.5750000000000001,31.847,0.2879186654311171,-0.17917417856551038
0.58,31.847,0.2890710108845434,-0.18068954092295636
0.585,31.847,0.29024553083937843,-0.1822010684047636
0.59,31.847,0.2914427619688153,-0.1837087327268289
0.595,31.847,0.29266184731362277,-0.18521238961456485
0.6,31.847,0.29390103085439234,-0.18671195342368177
0.605,31.847,0.2951580749860354,-0.1882074683004386
0.61,31.847,0.2964293986901486,-0.18969898866463444
0.615,31.847,0.29771141259379186,-0.1911864659648842
0.62,31.847,0.29899951569356586,-0.19266986854608348
0.625,31.847,0.3002885792680158,-0.1941491834662817
0.63,31.847,0.30157430995348455,-0.19562438768428628
0.635,31.847,0.30285119687904627,-0.19709545283860871
0.64,31.847,0.3041139418766335,-0.19856236535321015
0.645,31.847,0.30535787360728467,-0.20002513701031188
0.65,31.847,0.306579063996606,-0.2014837779315664
0.655,31.847,0.3077743829318566,-0.2029382677988702
0.66,31.847,0.30894192956176847,-0.20438856000472672
0.665,31.847,0.310081040460265,-0.20583463679312938
0.67,31.847,0.31119191761156495,-0.20727652982822306
0.675,31.847,0.31227474555484164,-0.2087142372247822
0.68,31.847,0.3133298121775888,-0.21014770048155165
0.685,31.847,0.31435787812642163,-0.21157684434653934
0.6900000000000001,31.847,0.31536060668316046,-0.21300161943456844
0.6950000000000001,31.847,0.31634139520531707,-0.21442200112611204
0.7000000000000001,31.847,0.3173034375272178,-0.21583796148392936
0.705,31.847,0.3182502078970931,-0.21724945594487724
0.71,31.847,0.31918525637271533,-0.2186564340123243
0.715,31.847,0.3201122076345998,-0.22005885203801565
0.72,31.847,0.321034738479357,-0.22145668036680372
0.725,31.847,0.32195641353932025,-0.2228498972576472
0.73,31.847,0.3228799134864202,-0.224238478970602
0.735,31.847,0.32380822784936436,-0.2256223903261831
0.74,31.847,0.3247435792327457,-0.22700158342594007
0.745,31.847,0.32568725244821667,-0.2283760116076999
0.75,31.847,0.3266398226847978,-0.22974564744655573
0.755,31.847,0.3276014374616515,-0.2311104835741191
0.76,31.847,0.32857199324280456,-0.23247051926960496
0.765,31.847,0.3295510432674732,-0.2338257487910955
0.77,31.847,0.33053772913759094,-0.23517615575189685
0.775,31.847,0.3315307670906903,-0.2365217295980346
0.78,31.847,0.3325285077836303,-0.23786248760113218
0.785,31.847,0.33352888610691006,-0.23919846941181483
0.79,31.847,0.33452941613802983,-0.24052969459680532
0.795,31.847,0.33552716372203095,-0.2418561543438868
0.8,31.847,0.3365190780994405,-0.24317782587176592
0.805,31.847,0.33750246352613694,-0.2444946976489426
0.81,31.847,0.33847520397598324,-0.245806784189393
0.8150000000000001,31.847,0.33943555454913055,-0.247114116453267
0.8200000000000001,31.847,0.3403819234139272,-0.24841672286785463
0.8250000000000001,31.847,0.3413127337750944,-0.24971460105633342
0.8300000000000001,31.847,0.34222691213787043,-0.2510077366917155
0.835,31.847,0.34312438479179336,-0.25229613065881856
0.84,31.847,0.34400589776503826,-0.2535798043333221
0.845,31.847,0.34487225490481377,-0.25485877575133614
0.85,31.847,0.34572370179555045,-0.25613303327209375
0.855,31.847,0.3465600967510135,-0.25740253752366604
0.86,31.847,0.34738173996873556,-0.25866725226421977
0.865,31.847,0.34819006107318395,-0.2599271729767618
0.87,31.847,0.3489880356403817,-0.26118232464031416
0.875,31.847,0.3497778646842017,-0.26243270593707385
0.88,31.847,0.350561439927786,-0.26367829251737557
0.885,31.847,0.35134043295365563,-0.26491905692388024
0.89,31.847,0.3521161943014458,-0.26615498875047894
0.895,31.847,0.35289049997661537,-0.26738609868498314
0.9,31.847,0.3536650544481695,-0.2686124080623588
0.905,31.847,0.3544411848891461,-0.26983392138041556
0.91,31.847,0.355219695817954,-0.2710506109360981
0.915,31.847,0.3560009792738829,-0.27226242644304044
0.92,31.847,0.35678503406526174,-0.27346936136434724
0.925,31.847,0.357571818862732,-0.27467144325386855
0.93,31.847,0.35836114980054357,-0.27586870643232375
0.935,31.847,0.3591527637401682,-0.27706116834343286
0.9400000000000001,31.847,0.35994619215084805,-0.2782488377647983
0.9450000000000001,31.847,0.3607408338178352,-0.27943170948430684
0.9500000000000001,31.847,0.3615359645087475,-0.2806097856617046
0.9550000000000001,31.847,0.3623306304253792,-0.2817830922262236
0.96,31.847,0.3631235553333666,-0.2829516670777653
0.965,31.847,0.36391302355012245,-0.2841155382403052
0.97,31.847,0.3646971213680686,-0.2852747003359112
0.975,31.847,0.3654743414476041,-0.2864291416940611
0.98,31.847,0.36624377119947316,-0.28757887092298917
0.985,31.847,0.36700496766709534,-0.2887239205589558
0.99,31.847,0.3677575870406238,-0.2898643257097568
0.995,31.847,0.36850109626083405,-0.2910001038325119
1,31.847,0.36923474220758645,-0.29213125774861737
1.0050000000000001,31.847,0.36995837622084177,-0.2932577943172105
1.01,31.847,0.3706722549253315,-0.2943797342733096
1.0150000000000001,31.847,0.3713768690460563,-0.2954970939228946
1.02,31.847,0.3720727016284727,-0.2966098752097446
1.025,31.847,0.3727601272827209,-0.2977180705782999
1.03,31.847,0.3734395043014447,-0.29882167498272066
1.035,31.847,0.37411135085038233,-0.2999206936741938
1.04,31.847,0.3747764581190191,-0.30101514004889535
1.045,31.847,0.375435869972371,-0.302105027754215
1.05,31.847,0.37609075790005614,-0.30319036481165146
1.055,31.847,0.3767422680294593,-0.3042711540102208
1.06,31.847,0.3773914054384453,-0.30534739785165577
1.065,31.847,0.3780389785951778,-0.3064191028524307
1.07,31.847,0.37868559419694814,-0.30748627964742437
1.075,31.847,0.3793316823890971,-0.30854893960531743
1.08,31.847,0.3799775341259101,-0.3096070915052616
1.085,31.847,0.38062333530464587,-0.3106607412128973
1.09,31.847,0.3812691858476649,-0.31170989442602254
1.095,31.847,0.3819151000467075,-0.31275456018037057
1.1,31.847,0.3825609955577235,-0.3137947526391188
1.105,31.847,0.3832066846902105,-0.3148304903360261
1.11,31.847,0.3838518775239974,-0.3158617938508062
1.115,31.847,0.384496195305594,-0.31688868355426747
1.12,31.847,0.38513918439803935,-0.3179111784711184
1.125,31.847,0.38578032305144466,-0.31892929628659744
1.1300000000000001,31.847,0.38641902347332174,-0.3199430539040493
1.135,31.847,0.3870546408490444,-0.3209524679815622
1.1400000000000001,31.847,0.38768650073140276,-0.32195755523013175
1.145,31.847,0.3883139460526187,-0.3229583325363787
1.1500000000000001,31.847,0.38893639223036186,-0.32395481701936407
1.155,31.847,0.38955337247409993,-0.3249470260450767
1.16,31.847,0.39016455945368866,-0.32593497716135517
1.165,31.847,0.3907697607265632,-0.32691868792948237
1.17,31.847,0.3913688964225771,-0.32789817566584006
1.175,31.847,0.3919619726322797,-0.32887345711878285
1.18,31.847,0.39254906145359875,-0.32984454810690045
1.185,31.847,0.3931302918799397,-0.33081146317565296
1.19,31.847,0.3937058492910469,-0.33177421538665
1.195,31.847,0.39427597827637945,-0.3327328163765841
1.2,31.847,0.3948409840815024,-0.3336872767527246
1.205,31.847,0.39540123029282725,-0.3346376067437508
1.21,31.847,0.3959571323634038,-0.3355838168876383
1.215,31.847,0.3965091472231205,-0.336525918508851
1.22,31.847,0.39705775887300865,-0.3374639238408626
1.225,31.847,0.3976034596112782,-0.33839784582254917
1.23,31.847,0.3981467272160989,-0.3393276977339392
1.235,31.847,0.39868800000823545,-0.34025349286835144
1.24,31.847,0.39922765340824806,-0.34117524437010754
1.245,31.847,0.39976598229573856,-0.34209296526127125
1.25,31.847,0.40030319251321994,-0.3430066686038643
1.2550000000000001,31.847,0.40083940243797517,-0.3439163677234394
1.26,31.847,0.4013746526606095,-0.34482207643895446
1.2650000000000001,31.847,0.4019089197131819,-0.3457238092687097
1.27,31.847,0.40244212934415186,-0.34662158158877204
1.2750000000000001,31.847,0.40297416609630127,-0.34751540971284534
1.28,31.847,0.40350487819069836,-0.3484053108584918
1.285,31.847,0.40403407890410764,-0.34929130298119393
1.29,31.847,0.404561546910654,-0.35017340449407425
1.295,31.847,0.40508702816325187,-0.3510516339314367
1.3,31.847,0.40561024109020566,-0.35192600963792336
1.305,31.847,0.40613088571893485,-0.35279654955858614
1.31,31.847,0.40664865628111163,-0.3536632711703508
1.315,31.847,0.4071632561156534,-0.35452619154639486
1.32,31.847,0.4076744132567434,-0.3553853275022148
1.325,31.847,0.4081818948983086,-0.35624069575128087
1.33,31.847,0.40868551895859806,-0.3570923130050422
1.335,31.847,0.4091851613024988,-0.35794019598028465
1.34,31.847,0.40968075786822256,-0.35878436131344066
1.345,31.847,0.4101723019045946,-0.3596248254120747
1.35,31.847,0.41065983750442053,-0.36046160428951224
1.355,31.847,0.41114345128794827,-0.3612947134282693
1.36,31.847,0.4116232641969253,-0.36212416770621814
1.365,31.847,0.41209942486145446,-0.36294998140252566
1.37,31.847,0.41257210509279146,-0.3637721682828778
1.375,31.847,0.4130414970804206,-0.36459074174838657
1.3800000000000001,31.847,0.41350781117576185,-0.3654057150207724
1.385,31.847,0.4139712729343975,-0.36621710132922874
1.3900000000000001,31.847,0.4144321183730922,-0.3670249140641224
1.395,31.847,0.41489058701806647,-0.36782916687103995
1.4000000000000001,31.847,0.41534691303928256,-0.36862987367454886
1.405,31.847,0.41580131536207937,-0.369427048640625
1.41,31.847,0.41625398798319446,-0.3702207061034676
1.415,31.847,0.41670509174930626,-0.37101086049063897
1.42,31.847,0.4171547486145529,-0.37179752627747925
1.425,31.847,0.41760303895678696,-0.37258071798891756
1.43,31.847,0.41805000200106124,-0.37336045024900766
1.435,31.847,0.41849563888436786,-0.3741367378619721
1.44,31.847,0.4189399175074966,-0.37490959589865164
1.445,31.847,0.41938277814612474,-0.37567903976089473
1.45,31.847,0.4198241388752238,-0.3764450852031033
1.455,31.847,0.420263900172367,-0.3772077483019899
1.46,31.847,0.42070194851147236,-0.37796704537836584
1.465,31.847,0.42113815920168546,-0.37872299288577826
1.47,31.847,0.42157239903033383,-0.37947560728721264
1.475,31.847,0.4220045293463026,-0.3802249049422004
1.48,31.847,0.4224344100599689,-0.38097090202249745
1.485,31.847,0.422861904703157,-0.381713614466555
1.49,31.847,0.4232868863015467,-0.38245305797295276
1.495,31.847,0.42370924348482814,-0.3831892480237332
1.5,31.847,0.42412888608756133,-0.38392219992198
1.5050000000000001,31.847,0.4245457495141317,-0.3846519288261361
1.51,31.847,0.4249597973356901,-0.38537844976674235
1.5150000000000001,31.847,0.42537102189443454,-0.386101777638616
1.52,31.847,0.42577944302816084,-0.38682192717032743
1.5250000000000001,31.847,0.4261851053145265,-0.3875389128809564
1.53,31.847,0.4265880744080934,-0.38825274903867274
1.5350000000000001,31.847,0.42698843307320067,-0.3889634496357474
1.54,31.847,0.4273862774074296,-0.38967102839042284
1.545,31.847,0.42778171354284844,-0.3903754987790897
1.55,31.847,0.4281748548669769,-0.3910768740945669
1.555,31.847,0.4285658195922203,-0.3917751675201025
1.56,31.847,0.4289547283789089,-0.392470392205672
1.565,31.847,0.4293417017133905,-0.3931625613335412
1.57,31.847,0.42972685685357276,-0.3938516881636255
1.575,31.847,0.4301103043408635,-0.39453778605476364
1.58,31.847,0.43049214428018534,-0.39522086846390675
1.585,31.847,0.43087246274712393,-0.3959009489302007
1.59,31.847,0.43125132874807,-0.39657804105353084
1.595,31.847,0.4316287921180937,-0.3972521584768836
1.6,31.847,0.43200488260647596,-0.39792331487921967
1.605,31.847,0.4323796102097403,-0.39859152398112974
1.61,31.847,0.43275296661731133,-0.3992567995607065
1.615,31.847,0.43312492748310766,-0.3999191554733288
1.62,31.847,0.43349545516049426,-0.4005786056671765
1.625,31.847,0.43386450154877404,-0.4012351641871265
1.6300000000000001,31.847,0.4342320107848649,-0.40188884516237217
1.635,31.847,0.434597921644178,-0.40253966277721653
1.6400000000000001,31.847,0.4349621696510956,-0.4031876312287259
1.645,31.847,0.43532468900452637,-0.4038327646779217
1.6500000000000001,31.847,0.43568541447185466,-0.4044750772025557
1.655,31.847,0.43604428338613177,-0.40511458275863493
1.6600000000000001,31.847,0.436401237806732,-0.40575129515537156
1.665,31.847,0.43675622679850334,-0.4063852280446753
1.67,31.847,0.43710920868153885,-0.40701639492316577
1.675,31.847,0.43746015303378283,-0.40764480914197987
1.68,31.847,0.437809042212763,-0.4082704839187541
1.685,31.847,0.4381558722050641,-0.40889343234675357
1.69,31.847,0.4385006527016223,-0.40951366739805667
1.695,31.847,0.43884340640923625,-0.4101312019203754
1.7,31.847,0.4391841677159256,-0.41074604862969977
1.705,31.847,0.43952298090379216,-0.41135822010255624
1.71,31.847,0.43985989813253495,-0.4119677287723861
1.715,31.847,0.44019497739702895,-0.41257458693374444
1.72,31.847,0.4405282806037132,-0.413178806756003
1.725,31.847,0.4408598718327285,-0.413780400306025
1.73,31.847,0.4411898157781072,-0.414379379577005
1.735,31.847,0.44151817630691037,-0.41497575651928303
1.74,31.847,0.44184501506156887,-0.4155695430685657
1.745,31.847,0.4421703900493038,-0.4161607511676659
1.75,31.847,0.4424943542091377,-0.4167493927797082
1.7550000000000001,31.847,0.4428169540048111,-0.4173354798925739
1.76,31.847,0.44313822814252524,-0.41791902451644714
1.7650000000000001,31.847,0.44345820654004015,-0.41850003867725866
1.77,31.847,0.4437769096700716,-0.419078534409282
1.7750000000000001,31.847,0.4440943483660728,-0.4196545237495228
1.78,31.847,0.44441052412137205,-0.42022801873526655
1.7850000000000001,31.847,0.4447254298476461,-0.4207990314046015
1.79,31.847,0.4450390510015653,-0.42136757379838363
1.795,31.847,0.44535136695220645,-0.4219336579614404
1.8,31.847,0.44566235245341107,-0.4224972959405724
1.805,31.847,0.4459719791036775,-0.423058499777752
1.81,31.847,0.4462802167139618,-0.4236172814978947
1.815,31.847,0.44658703454916165,-0.4241736530921734
1.82,31.847,0.44689240244907225,-0.4247276264987991
1.825,31.847,0.4471962918591779,-0.42527921358373877
1.83,31.847,0.4474986768061643,-0.42582842612407285
1.835,31.847,0.44779953483824436,-0.42637527579590134
1.84,31.847,0.44809884792285193,-0.4269197741676165
1.845,31.847,0.448396603263942,-0.42746193269843147
1.85,31.847,0.4486927939776487,-0.42800176274076673
1.855,31.847,0.44898741955643073,-0.42853927554485904
1.86,31.847,0.44928048606102144,-0.42907448226373524
1.865,31.847,0.44957200600474384,-0.4296073939571478
1.87,31.847,0.4498619979301891,-0.4301380215939988
1.875,31.847,0.45015048571497235,-0.43066637605348596
1.8800000000000001,31.847,0.45043749767291585,-0.43119246812593315
1.885,31.847,0.45072306553311214,-0.43171630851463133
1.8900000000000001,31.847,0.4510072233794101,-0.4322379078398049
1.895,31.847,0.4512900066184051,-0.43275727664546587
1.9000000000000001,31.847,0.45157145102035123,-0.43327442540911965
1.905,31.847,0.45185159185146173,-0.4337893645535984
1.9100000000000001,31.847,0.4521304630948422,-0.43430210445966655
1.915,31.847,0.4524080967455902,-0.4348126554779453
1.92,31.847,0.452684522165496,-0.4353210279387371
1.925,31.847,0.4529597654922914,-0.4358272321587282
1.93,31.847,0.4532338491137902,-0.4363312784442834
1.935,31.847,0.45350679123240456,-0.43683317709172587
1.94,31.847,0.4537786055552807,-0.4373329383853511
1.945,31.847,0.4540493011461538,-0.43783057259424024
1.95,31.847,0.45431888246600155,-0.43832608996890055
1.955,31.847,0.4545873496123802,-0.4388195007384279
1.96,31.847,0.45485469874617046,-0.43931081510839914
1.965,31.847,0.4551209226741313,-0.43980004325915906
1.97,31.847,0.4553860115408204,-0.4402871953440583
1.975,31.847,0.4556499535770432,-0.4407722814868905
1.98,31.847,0.45591273585471165,-0.44125531177802096
1.985,31.847,0.45617434500822185,-0.4417362962688817
1.99,31.847,0.4564347678971579,-0.4422152449650597
1.995,31.847,0.4566939921998096,-0.44269216781857196
2,31.847,0.4569520069383004,-0.4431670747201081
2.005,31.847,0.45720880294151345,-0.443639975492137
2.0100000000000002,31.847,0.4574643732512712,-0.4441108798835841
2.015,31.847,0.4577187134714761,-0.4445797975666264
2.02,31.847,0.45797182205186476,-0.4450467381356106
2.025,31.847,0.458223700491009,-0.4455117111077759
2.0300000000000002,31.847,0.4584743534397904,-0.44597472592525783
2.035,31.847,0.45872378868849595,-0.4464357919578206
2.04,31.847,0.45897201702788193,-0.44689491850563645
2.045,31.847,0.4592190519854943,-0.4473521148019052
2.05,31.847,0.4594649094508729,-0.44780739001513387
2.055,31.847,0.45970960491548957,-0.44826075253911746
2.06,31.847,0.4599531586554927,-0.4487122130448948
2.065,31.847,0.46019559126005305,-0.44916178036112525
2.07,31.847,0.46043692324112656,-0.4496094620293021
2.075,31.847,0.46067717522949125,-0.4500552666109552
2.08,31.847,0.46091636762911375,-0.45049920402373766
2.085,31.847,0.4611545196437808,-0.4509412839108432
2.09,31.847,0.46139164846372827,-0.4513815144419524
2.095,31.847,0.461627769353948,-0.45181990321149335
2.1,31.847,0.4618628961239531,-0.45225645897793854
2.105,31.847,0.46209704090298975,-0.45269119160505134
2.11,31.847,0.46233021325074386,-0.45312411023814947
2.115,31.847,0.4625624197615732,-0.45355522257118147
2.12,31.847,0.4627936646537627,-0.453984536351392
2.125,31.847,0.4630239503928223,-0.45441206071902795
2.13,31.847,0.46325327750519946,-0.45483780531030044
2.1350000000000002,31.847,0.46348164418076154,-0.45526177859193395
2.14,31.847,0.4637090467022752,-0.45568398799881793
2.145,31.847,0.46393548054087874,-0.4561044415805829
2.15,31.847,0.464160941029869,-0.4565231485974815
2.1550000000000002,31.847,0.4643854232436732,-0.4569401182063565
2.16,31.847,0.4646089219026964,-0.45735535829369517
2.165,31.847,0.464831431999179,-0.45776887621368073
2.17,31.847,0.46505294965407956,-0.4581806802435453
2.1750000000000003,31.847,0.4652734723071966,-0.45859077951637656
2.18,31.847,0.4654929983152797,-0.45899918257423994
2.185,31.847,0.4657115268773775,-0.4594058967803756
2.19,31.847,0.4659290586427245,-0.45981092945479873
2.195,31.847,0.4661455962738225,-0.46021428895016847
2.2,31.847,0.466361144285555,-0.460615984035351
2.205,31.847,0.46657570854012487,-0.46101602258170193
2.21,31.847,0.4667892961994314,-0.4614144115739245
2.215,31.847,0.46700191610456293,-0.46181115838837367
2.22,31.847,0.46721357878308944,-0.46220627135918857
2.225,31.847,0.46742429576180167,-0.46259975879816156
2.23,31.847,0.46763407883901253,-0.46299162800675703
2.235,31.847,0.4678429399624694,-0.4633818857801399
2.24,31.847,0.46805089141488254,-0.4637705395920726
2.245,31.847,0.46825794558466305,-0.4641575976444069
2.25,31.847,0.468464114306837,-0.46454306774635723
2.255,31.847,0.4686694084725116,-0.4649269567654962
2.2600000000000002,31.847,0.46887383822954476,-0.46530927147081574
2.265,31.847,0.4690774132299005,-0.4656900194516978
2.27,31.847,0.4692801423504947,-0.4660692087219375
2.275,31.847,0.4694820331456232,-0.4664468466525193
2.2800000000000002,31.847,0.46968309170165884,-0.46682293987140244
2.285,31.847,0.46988332295786606,-0.46719749525055854
2.29,31.847,0.47008273089299546,-0.4675705204492102
2.295,31.847,0.47028131826921393,-0.46794202320204187
2.3000000000000003,31.847,0.4704790863973776,-0.468312010467162
2.305,31.847,0.4706760354434919,-0.468680488727087
2.31,31.847,0.470872165055127,-0.469047464951887
2.315,31.847,0.4710674746764667,-0.46941294674723877
2.32,31.847,0.47126196343945087,-0.46977694148875293
2.325,31.847,0.4714556301509424,-0.47013945578275623
2.33,31.847,0.47164847369201884,-0.4705004960575988
2.335,31.847,0.47184049345736306,-0.47086006935405256
2.34,31.847,0.47203168936301304,-0.47121818310970853
2.345,31.847,0.47222206158263125,-0.4715748442892031
2.35,31.847,0.4724116105608339,-0.47193005919046493
2.355,31.847,0.47260033741341034,-0.47228383419643827
2.36,31.847,0.47278824423850613,-0.4726361763070013
2.365,31.847,0.47297533400976227,-0.4729870926551215
2.37,31.847,0.47316161034873316,-0.47333658977124643
2.375,31.847,0.47334707761203826,-0.4736846737176126
2.38,31.847,0.4735317411824512,-0.4740313508662111
2.3850000000000002,31.847,0.4737156074716326,-0.47437662812792875
2.39,31.847,0.4738986835068585,-0.4747205123033569
2.395,31.847,0.47408097652845776,-0.4750630095608257
2.4,31.847,0.4742624939436225,-0.47540412582539715
2.4050000000000002,31.847,0.4744432434190742,-0.47574386746498054
2.41,31.847,0.4746232327147567,-0.47608224123009824
2.415,31.847,0.4748024693131129,-0.47641925356159215
2.42,31.847,0.4749809602627012,-0.4767549103319329
2.4250000000000003,31.847,0.47515871236396484,-0.47708921740195387
2.43,31.847,0.475335732324237,-0.4774221811343862
2.435,31.847,0.4755120265604898,-0.47775380809501505
2.44,31.847,0.4756876008505584,-0.4780841044178218
2.445,31.847,0.4758624602417026,-0.4784130758014849
2.45,31.847,0.4760366092257364,-0.4787407281235397
2.455,31.847,0.47621005180545295,-0.4790670677268524
2.46,31.847,0.476382791284842,-0.4793921009534808
2.465,31.847,0.47655483008402466,-0.47971583364764137
2.47,31.847,0.4767261698947959,-0.48003827137696675
2.475,31.847,0.47689681203970863,-0.48035942001976467
2.48,31.847,0.47706675765972273,-0.4806792858256019
2.485,31.847,0.47723600766677843,-0.4809978748744998
2.49,31.847,0.47740456276003307,-0.48131519276651885
2.495,31.847,0.47757242366922226,-0.48163124500201504
2.5,31.847,0.4777395913864753,-0.48194603745937303
2.505,31.847,0.47790606711412176,-0.4822595762462058
2.5100000000000002,31.847,0.47807185205278957,-0.48257186716261796
2.515,31.847,0.4782369473840534,-0.48288291559212304
2.52,31.847,0.47840135452106036,-0.483192726969985
2.525,31.847,0.47856507533032017,-0.4835013071068602
2.5300000000000002,31.847,0.47872811210680916,-0.48380866188456473
2.535,31.847,0.47889046746574654,-0.4841147968002725
2.54,31.847,0.47905214441234445,-0.48441971705204
2.545,31.847,0.47921314653372304,-0.48472342802612234
2.5500000000000003,31.847,0.4793734780252749,-0.4850259354448534
2.555,31.847,0.47953314347172676,-0.4853272449617958
2.56,31.847,0.47969214762863854,-0.4856273618255354
2.565,31.847,0.47985049540128044,-0.48592629111332214
2.57,31.847,0.48000819188440136,-0.48622403816714904
2.575,31.847,0.4801652422291559,-0.4865206085719079
2.58,31.847,0.48032165139275784,-0.48681600772183026
2.585,31.847,0.4804774240549389,-0.4871102406392464
2.59,31.847,0.48063256479173067,-0.4874033123138225
2.595,31.847,0.480787078253346,-0.4876952280423006
2.6,31.847,0.4809409690963603,-0.4879859932615596
2.605,31.847,0.4810942417560383,-0.48827561314098294
2.61,31.847,0.4812469003236675,-0.4885640925531985
2.615,31.847,0.48139894858605814,-0.488851436457171
2.62,31.847,0.4815503900364021,-0.48913765010716714
2.625,31.847,0.48170122775141466,-0.489422738776901
2.63,31.847,0.4818514642914897,-0.489706707422783
2.6350000000000002,31.847,0.48200110179591305,-0.48998956079079525
2.64,31.847,0.4821501421839109,-0.49027130379472733
2.645,31.847,0.48229858723696084,-0.49055194159361765
2.65,31.847,0.48244643853941865,-0.49083147926404497
2.6550000000000002,31.847,0.48259369748646297,-0.49110992157277367
2.66,31.847,0.48274036547300014,-0.4913872731892483
2.665,31.847,0.4828864440903817,-0.49166353900611914
2.67,31.847,0.4830319351075242,-0.4919387240806781
2.6750000000000003,31.847,0.48317684028108127,-0.4922128332911593
2.68,31.847,0.4833211612446755,-0.4924858712287961
2.685,31.847,0.48346489959227307,-0.49275784248170185
2.69,31.847,0.4836080570164004,-0.49302875187568773
2.695,31.847,0.48375063535483653,-0.493298604311713
2.7,31.847,0.4838926366058601,-0.4935674044525051
2.705,31.847,0.48403406303907026,-0.49383515673185624
2.71,31.847,0.48417491734302426,-0.49410186566725517
2.715,31.847,0.48431520261435884,-0.4943675360040961
2.72,31.847,0.48445492215110864,-0.4946321724826071
2.725,31.847,0.484594079261991,-0.4948957795858934
2.73,31.847,0.4847326772797015,-0.495158361644069
2.735,31.847,0.4848707196878653,-0.4954199231260626
2.74,31.847,0.48500821012259515,-0.49568046867485227
2.745,31.847,0.48514515219146404,-0.49594000283901535
2.75,31.847,0.4852815493031282,-0.496198529911592
2.755,31.847,0.48541740468188477,-0.4964560541186338
2.7600000000000002,31.847,0.48555272150913653,-0.49671257987136896
2.765,31.847,0.48568750301871544,-0.4969681117065602
2.77,31.847,0.4858217524911244,-0.49722265401271354
2.775,31.847,0.4859554732175811,-0.4974762109553192
2.7800000000000002,31.847,0.48608866845522847,-0.49772878670590265
2.785,31.847,0.48622134130363204,-0.49798038562409835
2.79,31.847,0.4863534945053603,-0.49823101212246107
2.795,31.847,0.4864851303316719,-0.4984806704252003
2.8000000000000003,31.847,0.48661625069617537,-0.49872936458405687
2.805,31.847,0.4867468574119214,-0.49897709871894186
2.81,31.847,0.4868769523535816,-0.49922387711497024
2.815,31.847,0.48700653741276323,-0.499469704033405
2.82,31.847,0.4871356143752047,-0.49971458352981846
2.825,31.847,0.48726418489832746,-0.4999585195584017
2.83,31.847,0.48739225060051294,-0.5002015162054287
2.835,31.847,0.48751981314482845,-0.5004435776991276
2.84,31.847,0.48764687425857806,-0.500684708178818
2.845,31.847,0.48777343573211657,-0.5009249115647291
2.85,31.847,0.4878994994141353,-0.5011641917166646
2.855,31.847,0.4880250671442125,-0.5014025526410814
2.86,31.847,0.48815014062095974,-0.5016399984429004
2.865,31.847,0.48827472135518357,-0.5018765331042158
2.87,31.847,0.4883988108568046,-0.5021121604236288
2.875,31.847,0.48852241097314214,-0.5023468841996989
2.88,31.847,0.4886455240902963,-0.5025807083770013
2.8850000000000002,31.847,0.488768153002031,-0.5028136369389355
2.89,31.847,0.4888903005589963,-0.5030456737163657
2.895,31.847,0.4890119693923289,-0.5032768224024131
2.9,31.847,0.48913316188758815,-0.5035070867470804
2.9050000000000002,31.847,0.4892538803463865,-0.5037364706350067
2.91,31.847,0.4893741271679971,-0.5039649779288734
2.915,31.847,0.48949390493759565,-0.5041926123128808
2.92,31.847,0.48961321638409017,-0.5044193773676608
2.9250000000000003,31.847,0.48973206421784987,-0.5046452767625864
2.93,31.847,0.4898504509358574,-0.5048703142842503
2.935,31.847,0.4899683787622175,-0.5050944936718837
2.94,31.847,0.4900858498307514,-0.5053178185141061
2.945,31.847,0.490202866486663,-0.5055402923551109
2.95,31.847,0.49031943141151507,-0.5057619188361298
2.955,31.847,0.4904355473956076,-0.5059827016508135
2.96,31.847,0.49055121691130543,-0.5062026443848502
2.965,31.847,0.4906664418353407,-0.5064217504912364
2.97,31.847,0.4907812235286421,-0.5066400234467234
2.975,31.847,0.4908955631810795,-0.5068574668555461
2.98,31.847,0.4910094621694466,-0.5070740843384778
2.985,31.847,0.4911229222400161,-0.507289879364533
2.99,31.847,0.49123594545889826,-0.50750485527257
2.995,31.847,0.4913485339612323,-0.5077190154553476
3,31.847,0.49146068961715095,-0.5079323634442493
3.005,31.847,0.49157241383515543,-0.5081449027802752
3.0100000000000002,31.847,0.49168370770327063,-0.5083566368626833
3.015,31.847,0.49179457242091545,-0.5085675689845773
3.02,31.847,0.49190500967444406,-0.5087777024831114
3.025,31.847,0.4920150215930895,-0.5089870407751763
3.0300000000000002,31.847,0.49212461028148036,-0.509195587238275
3.035,31.847,0.49223377733582313,-0.5094033451326573
3.04,31.847,0.492342523798174,-0.5096103176896903
3.045,31.847,0.49245085063077665,-0.509816508230818
3.0500000000000003,31.847,0.49255875934964005,-0.5100219201304684
3.055,31.847,0.4926662523247307,-0.5102265566706725
3.06,31.847,0.49277333250611954,-0.5104304209999242
3.065,31.847,0.49288000274721766,-0.5106335162571807
3.0700000000000003,31.847,0.4929862651812778,-0.5108358456820769
3.075,31.847,0.4930921210915371,-0.5110374125585379
3.08,31.847,0.49319757139289455,-0.511238220084121
3.085,31.847,0.49330261739778536,-0.5114382713544122
3.09,31.847,0.4934072612925332,-0.5116375694674897
3.095,31.847,0.4935115059419788,-0.5118361175769472
3.1,31.847,0.4936153541657882,-0.5120339188177309
3.105,31.847,0.49371880806054974,-0.5122309762387419
3.11,31.847,0.49382186889877416,-0.5124272928689694
3.115,31.847,0.4939245376604733,-0.5126228718263345
3.12,31.847,0.4940268157614973,-0.5128177162881956
3.125,31.847,0.49412870542067855,-0.5130118293345275
3.13,31.847,0.4942302093931965,-0.5132052138750055
3.1350000000000002,31.847,0.49433133023906306,-0.5133978727752105
3.14,31.847,0.4944320696113513,-0.5135898090267079
3.145,31.847,0.49453242807687026,-0.5137810257417896
3.15,31.847,0.4946324056842932,-0.5139715259878334
3.1550000000000002,31.847,0.4947320029855128,-0.5141613126807852
3.16,31.847,0.4948312218076493,-0.5143503886577632
3.165,31.847,0.4949300651356506,-0.5145387568045122
3.17,31.847,0.49502853607769604,-0.5147264200685314
3.1750000000000003,31.847,0.49512663663194845,-0.5149133813768489
3.18,31.847,0.4952243672179121,-0.5150996436037941
3.185,31.847,0.495321727399536,-0.5152852096264814
3.19,31.847,0.4954187172962919,-0.5154700823532361
3.1950000000000003,31.847,0.49551533860372043,-0.5156542646542532
3.2,31.847,0.49561159440772984,-0.5158377592910204
3.205,31.847,0.49570748789367364,-0.5160205689652068
3.21,31.847,0.49580302092736794,-0.5162026964418291
3.215,31.847,0.4958981936411783,-0.5163841445892466
3.22,31.847,0.49599300543087166,-0.5165649162867515
3.225,31.847,0.4960874566621337,-0.516745014322299
3.23,31.847,0.4961815497513717,-0.5169244413959174
3.235,31.847,0.49627528868772713,-0.5171032001879534
3.24,31.847,0.4963686772661574,-0.5172812933848626
3.245,31.847,0.49646171736443573,-0.5174587236594981
3.25,31.847,0.49655440862262906,-0.5176354936892096
3.255,31.847,0.4966467498118445,-0.517811606214328
3.2600000000000002,31.847,0.4967387408728102,-0.5179870640262761
3.265,31.847,0.49683038410782326,-0.5181618698395659
3.27,31.847,0.4969216836668725,-0.5183360261850268
3.275,31.847,0.4970126437148112,-0.5185095354881553
3.2800000000000002,31.847,0.49710326657531984,-0.5186824002824778
3.285,31.847,0.4971935521426592,-0.518854623318237
3.29,31.847,0.4972834989997444,-0.5190262074275626
3.295,31.847,0.4973731065283614,-0.5191971552893431
3.3000000000000003,31.847,0.49746237654939096,-0.5193674693480961
3.305,31.847,0.4975513132216241,-0.5195371519525017
3.31,31.847,0.4976399210790071,-0.5197062055410757
3.315,31.847,0.49772820251858185,-0.5198746326952329
3.3200000000000003,31.847,0.4978161566808912,-0.5200424360614775
3.325,31.847,0.49790378081284087,-0.5202096182592828
3.33,31.847,0.4979910733180832,-0.5203761818361691
3.335,31.847,0.49807803621204505,-0.5205421292484252
3.34,31.847,0.49816467492253347,-0.5207074628619383
3.345,31.847,0.4982509953320317,-0.5208721850108894
3.35,31.847,0.4983370001927483,-0.5210362981038734
3.355,31.847,0.49842268773397125,-0.5211998046794183
3.36,31.847,0.4985080537311224,-0.5213627073346829
3.365,31.847,0.49859309561845977,-0.5215250085852854
3.37,31.847,0.4986778155094611,-0.5216867107911147
3.375,31.847,0.4987622196894158,-0.5218478162030914
3.38,31.847,0.498846314831518,-0.5220083270634133
3.3850000000000002,31.847,0.49893010379419583,-0.5221682456796969
3.39,31.847,0.49901358428668763,-0.5223275744634361
3.395,31.847,0.4990967515262869,-0.5224863159360894
3.4,31.847,0.49917960291359237,-0.5226444726555606
3.4050000000000002,31.847,0.49926214115067535,-0.5228020470450131
3.41,31.847,0.49934437337494036,-0.5229590412507741
3.415,31.847,0.49942630688199907,-0.5231154572211079
3.42,31.847,0.4995079445765631,-0.523271297012885
3.4250000000000003,31.847,0.49958928353135973,-0.5234265630529412
3.43,31.847,0.49967031781715654,-0.5235812580569952
3.435,31.847,0.49975104369686896,-0.5237353846372328
3.44,31.847,0.4998314635001334,-0.5238889449709686
3.4450000000000003,31.847,0.49991158526520546,-0.5240419408628246
3.45,31.847,0.4999914181199915,-0.5241943741402719
3.455,31.847,0.5000709664892131,-0.5243462470020428
3.46,31.847,0.5001502273557895,-0.5244975620147632
3.465,31.847,0.5002291929220913,-0.5246483218027144
3.47,31.847,0.5003078571479072,-0.5247985287240541
3.475,31.847,0.5003862214880115,-0.5249481847776043
3.48,31.847,0.5004642952707545,-0.5250972917630629
3.485,31.847,0.5005420898958859,-0.5252458515475416
3.49,31.847,0.5006196108633575,-0.5253938662599471
3.495,31.847,0.5006968538013475,-0.5255413383006865
3.5,31.847,0.5007738080578048,-0.5256882701660349
3.505,31.847,0.5008504656399853,-0.525834664203068
3.5100000000000002,31.847,0.5009268287408303,-0.5259805224620385
3.515,31.847,0.5010029096554091,-0.5261258467438134
3.52,31.847,0.5010787225784722,-0.526270638799409
3.525,31.847,0.5011542733234555,-0.5264149005484291
3.5300000000000002,31.847,0.5012295550771513,-0.5265586341968799
3.535,31.847,0.5013045539059314,-0.5267018421937663
3.54,31.847,0.5013792601076312,-0.5268445270179624
3.545,31.847,0.5014536767140216,-0.5269866908700181
3.5500000000000003,31.847,0.5015278184315397,-0.5271283354709139
3.555,31.847,0.5016017016046803,-0.5272694622022962
3.56,31.847,0.5016753327013733,-0.5274100725996637
3.565,31.847,0.5017487040109594,-0.5275501688382559
3.5700000000000003,31.847,0.5018217998831274,-0.5276897537231297
3.575,31.847,0.5018946090373103,-0.5278288300681004
3.58,31.847,0.5019671339796556,-0.5279673999511313
3.585,31.847,0.5020393905336155,-0.5281054645476885
3.59,31.847,0.5021113974701281,-0.5282430247679614
3.595,31.847,0.502183163379477,-0.5283800821695552
3.6,31.847,0.5022546802999208,-0.52851663932726
3.605,31.847,0.5023259293176668,-0.5286526993193987
3.61,31.847,0.5023968949260624,-0.5287882647821461
3.615,31.847,0.502467578066516,-0.5289233373468132
3.62,31.847,0.5025379977342975,-0.5290579179089947
3.625,31.847,0.5026081787326745,-0.5291920074612448
3.63,31.847,0.5026781336875562,-0.5293256077906827
3.6350000000000002,31.847,0.5027478528736407,-0.5294587215156502
3.64,31.847,0.5028173107011906,-0.5295913514962031
3.645,31.847,0.5028864853394024,-0.5297235001160713
3.65,31.847,0.5029553770391042,-0.5298551689628127
3.6550000000000002,31.847,0.5030240103767969,-0.5299863590750672
3.66,31.847,0.5030924172956817,-0.5301170715131868
3.665,31.847,0.5031606130689708,-0.5302473078522565
3.67,31.847,0.5032285839426587,-0.5303770703332558
3.6750000000000003,31.847,0.5032962970946708,-0.5305063616386647
3.68,31.847,0.5033637262730093,-0.5306351844079952
3.685,31.847,0.5034308735605588,-0.5307635406944199
3.69,31.847,0.5034977698569542,-0.5308914316644047
3.6950000000000003,31.847,0.5035644527953087,-0.5310188578581275
3.7,31.847,0.5036309385178084,-0.5311458200412152
3.705,31.847,0.5036972090322556,-0.5312723201287926
3.71,31.847,0.5037632253749712,-0.5313983613463884
3.715,31.847,0.5038289572365209,-0.5315239472309885
3.72,31.847,0.5038944070100039,-0.5316490801096503
3.725,31.847,0.5039596100023213,-0.5317737603855723
3.73,31.847,0.5040246099721453,-0.5318979874639275
3.735,31.847,0.5040894274032176,-0.5320217617095058
3.74,31.847,0.504154043743361,-0.5321450857515787
3.745,31.847,0.5042184139382658,-0.5322679638733248
3.75,31.847,0.5042824994107737,-0.5323903998930022
3.755,31.847,0.5043462982271314,-0.5325123953460092
3.7600000000000002,31.847,0.5044098497791265,-0.5326339495709842
3.765,31.847,0.504473208545343,-0.5327550616454093
3.77,31.847,0.504536404226611,-0.5328757325153678
3.775,31.847,0.5045994174959806,-0.5329959655427859
3.7800000000000002,31.847,0.5046621915371239,-0.5331157650934413
3.785,31.847,0.5047246738727206,-0.5332351344140545
3.79,31.847,0.5047868586496784,-0.5333540745098491
3.795,31.847,0.5048487960096638,-0.533472584776004
3.8000000000000003,31.847,0.5049105675923296,-0.5335906646153118
3.805,31.847,0.5049721857738072,-0.5337083155834302
3.81,31.847,0.5050336187070408,-0.5338255406208101
3.815,31.847,0.5050948166274971,-0.5339423429348871
3.8200000000000003,31.847,0.505155746337573,-0.5340587250718629
3.825,31.847,0.5052164097810061,-0.5341746885601627
3.83,31.847,0.5052768375385137,-0.5342902341216565
3.835,31.847,0.505337065583293,-0.5344053622497332
3.84,31.847,0.5053971126805912,-0.5345200738439317
3.845,31.847,0.5054569723257395,-0.5346343705728522
3.85,31.847,0.5055166216173878,-0.534748254760758
3.855,31.847,0.5055760386117345,-0.5348617288662985
3.86,31.847,0.5056352160514324,-0.5349747948978084
3.865,31.847,0.5056941637570047,-0.5350874541614599
3.87,31.847,0.5057529002200092,-0.5351997074945873
3.875,31.847,0.505811440364297,-0.535311555783269
3.88,31.847,0.5058697875378482,-0.5354230003803347
3.8850000000000002,31.847,0.5059279338684582,-0.5355340431533799
3.89,31.847,0.5059858673814306,-0.5356446861831727
3.895,31.847,0.5060435804618426,-0.5357549313668577
3.9,31.847,0.5061010743089788,-0.5358647802017569
3.9050000000000002,31.847,0.5061583573110843,-0.5359742338584155
3.91,31.847,0.5062154392848296,-0.5360832934437698
3.915,31.847,0.5062723257372589,-0.5361919602524274
3.92,31.847,0.5063290156514536,-0.5363002358504788
3.9250000000000003,31.847,0.5063855036046792,-0.5364081219714302
3.93,31.847,0.5064417842510018,-0.5365156203243918
3.935,31.847,0.5064978560535598,-0.53662273244893
3.94,31.847,0.5065537220942987,-0.5367294596961969
3.9450000000000003,31.847,0.506609387923455,-0.5368358033242671
3.95,31.847,0.5066648582386282,-0.5369417646291267
3.955,31.847,0.5067201346218768,-0.5370473450262675
3.96,31.847,0.5067752155571189,-0.5371525460426948
3.9650000000000003,31.847,0.5068300983485068,-0.5372573692397372
3.97,31.847,0.5068847814484279,-0.5373618161244847
3.975,31.847,0.5069392656918332,-0.5374658881045666
3.98,31.847,0.5069935538527038,-0.537569586506316
3.985,31.847,0.5070476490694882,-0.5376729126353875
3.99,31.847,0.5071015532487236,-0.5377758677274527
3.995,31.847,0.5071552671988674,-0.5378784534062621
4,31.847,0.5072087897694315,-0.5379806711226072
4.005,31.847,0.5072621191064767,-0.538082522154565
4.01,31.847,0.50731525466039,-0.5381840078484971
4.015,31.847,0.5073681982844885,-0.538285129674212
4.0200000000000005,31.847,0.5074209540062157,-0.5383858891357715
4.025,31.847,0.5074735238720429,-0.538486287190163
4.03,31.847,0.5075259082024755,-0.5385863251794885
4.035,31.847,0.5075781060498195,-0.53868600462445
4.04,31.847,0.507630116394971,-0.5387853269992997
4.045,31.847,0.5076819391615944,-0.5388842935407729
4.05,31.847,0.507733575330796,-0.5389829057236979
4.055,31.847,0.5077850270514139,-0.5390811647698841
4.0600000000000005,31.847,0.5078362967181038,-0.5391790717831592
4.065,31.847,0.5078873857016538,-0.5392766280349961
4.07,31.847,0.5079382937477372,-0.5393738349918005
4.075,31.847,0.5079890195849587,-0.5394706941203801
4.08,31.847,0.5080395623748688,-0.5395672067174117
4.085,31.847,0.5080899229498843,-0.5396633739442804
4.09,31.847,0.5081401042745123,-0.5397591970983294
4.095,31.847,0.5081901085711207,-0.5398546772748798
4.1,31.847,0.5082399367581424,-0.539949815844464
4.105,31.847,0.5082895884613311,-0.5400446141713112
4.11,31.847,0.5083390628767633,-0.5401390735390523
4.115,31.847,0.5083883597651068,-0.5402331951935134
4.12,31.847,0.5084374799300659,-0.5403269803781803
4.125,31.847,0.5084864249691722,-0.5404204303314122
4.13,31.847,0.508535196423269,-0.5405135461809513
4.135,31.847,0.5085837958116263,-0.5406063293469108
4.14,31.847,0.5086322236823395,-0.5406987810452452
4.1450000000000005,31.847,0.5086804796489904,-0.540790902355399
4.15,31.847,0.5087285631740184,-0.540882694488376
4.155,31.847,0.5087764744684333,-0.5409741588214376
4.16,31.847,0.5088242148179724,-0.5410652966799822
4.165,31.847,0.5088717860989483,-0.5411561091629951
4.17,31.847,0.5089191898608956,-0.541246597261676
4.175,31.847,0.5089664266393495,-0.5413367621419496
4.18,31.847,0.5090134957478415,-0.5414266053261295
4.1850000000000005,31.847,0.5090603967366075,-0.5415161278842638
4.19,31.847,0.509107130089337,-0.5416053310021341
4.195,31.847,0.5091536970931128,-0.541694215864501
4.2,31.847,0.5092000992895037,-0.5417827836272597
4.205,31.847,0.509246337859721,-0.5418710354310193
4.21,31.847,0.5092924133791203,-0.5419589723339231
4.215,31.847,0.5093383260101181,-0.5420465957034932
4.22,31.847,0.509384075494718,-0.5421339067353667
4.225,31.847,0.5094296617872739,-0.5422209064535513
4.23,31.847,0.5094750856080947,-0.5423075959304897
4.235,31.847,0.5095203484152364,-0.5423939763761809
4.24,31.847,0.5095654517682593,-0.5424800490205823
4.245,31.847,0.509610396569015,-0.5425658149637872
4.25,31.847,0.5096551828039242,-0.5426512752143998
4.255,31.847,0.5096998100086497,-0.5427364308829947
4.26,31.847,0.5097442780051425,-0.5428212832322445
4.265,31.847,0.509788587533668,-0.5429058335310679
4.2700000000000005,31.847,0.5098327403182001,-0.5429900827699018
4.275,31.847,0.509876738254824,-0.5430740317471338
4.28,31.847,0.5099205822783238,-0.5431576815376442
4.285,31.847,0.5099642716739249,-0.5432410336422034
4.29,31.847,0.5100078053772277,-0.5433240893018926
4.295,31.847,0.5100511831253461,-0.5434068493550935
4.3,31.847,0.5100944062269003,-0.5434893146327832
4.305,31.847,0.5101374771479368,-0.5435714863040716
4.3100000000000005,31.847,0.5101803981808024,-0.5436533656994723
4.315,31.847,0.5102231700151091,-0.54373495393116
4.32,31.847,0.5102657911172013,-0.5438162517215512
4.325,31.847,0.5103082592510113,-0.5438972599655063
4.33,31.847,0.5103505740687847,-0.5439779802185959
4.335,31.847,0.5103927385269842,-0.5440584139946701
4.34,31.847,0.5104347560619983,-0.5441385618349115
4.345,31.847,0.5104766286678812,-0.5442184240652854
4.3500000000000005,31.847,0.5105183559185366,-0.5442980018248245
4.355,31.847,0.5105599355613797,-0.544377296946692
4.36,31.847,0.5106013653873376,-0.5444563108746214
4.365,31.847,0.5106426453047833,-0.5445350441492298
4.37,31.847,0.510683778125297,-0.5446134971436012
4.375,31.847,0.5107247681354308,-0.544691670944075
4.38,31.847,0.5107656182011284,-0.5447695671405254
4.385,31.847,0.5108063276742965,-0.5448471869286172
4.39,31.847,0.5108468923195728,-0.5449245309175016
4.3950000000000005,31.847,0.5108873102083408,-0.5450015998308254
4.4,31.847,0.5109275823510159,-0.5450783950283662
4.405,31.847,0.5109677117283811,-0.5451549177566118
4.41,31.847,0.5110077013944092,-0.5452311688575388
4.415,31.847,0.5110475529526753,-0.5453071490489748
4.42,31.847,0.5110872661813867,-0.5453828592576193
4.425,31.847,0.5111268397841682,-0.5454583006278279
4.43,31.847,0.5111662727876976,-0.5455334742137016
4.4350000000000005,31.847,0.5112055647587852,-0.5456083812244265
4.44,31.847,0.5112447167672712,-0.5456830225224498
4.445,31.847,0.5112837311734674,-0.5457573987855624
4.45,31.847,0.5113226103373579,-0.5458315108880206
4.455,31.847,0.5113613551739684,-0.5459053599663057
4.46,31.847,0.511399964692948,-0.5459789471580793
4.465,31.847,0.5114384370061826,-0.54605227340969
4.47,31.847,0.5114767708177654,-0.5461253395009925
4.4750000000000005,31.847,0.5115149674036227,-0.5461981463502352
4.48,31.847,0.5115530305642423,-0.5462706951054108
4.485,31.847,0.5115909639453744,-0.5463429867378354
4.49,31.847,0.5116287679117131,-0.5464150217835103
4.495,31.847,0.511666439082074,-0.5464868009167003
4.5,31.847,0.511703973403906,-0.546558325621797
4.505,31.847,0.5117413702612115,-0.5466295976086509
4.51,31.847,0.5117786344298002,-0.5467006173431997
4.515,31.847,0.5118157714106809,-0.5467713846767007
4.5200000000000005,31.847,0.5118527841610233,-0.5468419003377727
4.525,31.847,0.5118896711035202,-0.5469121661314765
4.53,31.847,0.5119264272264588,-0.546982183690145
4.535,31.847,0.5119630480082342,-0.5470519535773276
4.54,31.847,0.5119995334890804,-0.5471214759220668
4.545,31.847,0.5120358891011038,-0.5471907515382867
4.55,31.847,0.512072122211644,-0.5472597818783106
4.555,31.847,0.5121082374320544,-0.5473285681686636
4.5600000000000005,31.847,0.5121442307707458,-0.547397110494948
4.565,31.847,0.512180094458741,-0.5474654092994693
4.57,31.847,0.5122158232148187,-0.5475334662696916
4.575,31.847,0.5122514186434648,-0.5476012832936613
4.58,31.847,0.5122868884490412,-0.5476688609264094
4.585,31.847,0.512322241214769,-0.5477361986483724
4.59,31.847,0.5123574804660688,-0.5478032966718394
4.595,31.847,0.5123926005919073,-0.5478701570869938
4.6000000000000005,31.847,0.5124275936942599,-0.547936781497986
4.605,31.847,0.5124624560412767,-0.5480031706222619
4.61,31.847,0.512497189727284,-0.548069324826644
4.615,31.847,0.512531800688613,-0.5481352447106809
4.62,31.847,0.5125662946390264,-0.5482009311469309
4.625,31.847,0.5126006739137627,-0.5482663849754325
4.63,31.847,0.5126349377034451,-0.5483316071984221
4.635,31.847,0.5126690814131291,-0.5483965986669925
4.64,31.847,0.5127031001375776,-0.548461360235344
4.6450000000000005,31.847,0.5127369928422066,-0.548525892885145
4.65,31.847,0.5127707637451889,-0.5485901975203044
4.655,31.847,0.512804419672267,-0.5486542747412649
4.66,31.847,0.5128379652726291,-0.5487181249965035
4.665,31.847,0.5128713996755897,-0.5487817490091081
4.67,31.847,0.5129047171835877,-0.548845147957406
4.675,31.847,0.5129379114195081,-0.5489083231434994
4.68,31.847,0.5129709800411871,-0.5489712755050763
4.6850000000000005,31.847,0.5130039293813755,-0.5490340053005174
4.69,31.847,0.5130367685252564,-0.5490965128903061
4.695,31.847,0.5130695031026027,-0.549158799111542
4.7,31.847,0.5131021310153169,-0.5492208650811937
4.705,31.847,0.5131346438704686,-0.5492827118146105
4.71,31.847,0.5131670334701252,-0.5493443401593087
4.715,31.847,0.5131992985734277,-0.5494057509430896
4.72,31.847,0.5132314484660676,-0.5494669449549434
4.7250000000000005,31.847,0.5132634921608106,-0.5495279225457501
4.73,31.847,0.5132954329978957,-0.5495886842829861
4.735,31.847,0.5133272680486505,-0.5496492310380251
4.74,31.847,0.5133589912927106,-0.549709563874682
4.745,31.847,0.5133905980903013,-0.5497696838051649
4.75,31.847,0.5134220877198722,-0.5498295915812597
4.755,31.847,0.5134534631371418,-0.5498892879684086
4.76,31.847,0.5134847305420653,-0.5499487734703445
4.765,31.847,0.513515895387181,-0.5500080485462098
4.7700000000000005,31.847,0.5135469584016732,-0.5500671139209882
4.775,31.847,0.5135779149729046,-0.5501259706228724
4.78,31.847,0.5136087586337379,-0.5501846197339804
4.785,31.847,0.5136394862248134,-0.5502430621025387
4.79,31.847,0.5136701008467294,-0.5503012982787234
4.795,31.847,0.5137006101665109,-0.5503593287043572
4.8,31.847,0.5137310214650911,-0.5504171539230548
4.805,31.847,0.5137613363872886,-0.5504747746939694
4.8100000000000005,31.847,0.5137915480432208,-0.5505321919639287
4.815,31.847,0.5138216456627773,-0.5505894067684423
4.82,31.847,0.513851624348937,-0.5506464200876813
4.825,31.847,0.5138814926675767,-0.5507032325283646
4.83,31.847,0.513911263488186,-0.5507598443061726
4.835,31.847,0.5139409449151027,-0.5508162556367757
4.84,31.847,0.5139705341766241,-0.5508724672672715
4.845,31.847,0.5140000194841352,-0.5509284805370495
4.8500000000000005,31.847,0.5140293883419345,-0.5509842968510247
4.855,31.847,0.5140586367791073,-0.5510399170539383
4.86,31.847,0.5140877775696071,-0.5510953410792933
4.865,31.847,0.5141168277235562,-0.5511505689353331
4.87,31.847,0.5141457965842964,-0.5512056012047314
4.875,31.847,0.5141746784424621,-0.5512604389833727
4.88,31.847,0.5142034563008661,-0.5513150835019257
4.885,31.847,0.5142321137740107,-0.5513695358689885
4.89,31.847,0.5142606477772694,-0.5514237969110031
4.8950000000000005,31.847,0.5142890757925496,-0.5514778669825025
4.9,31.847,0.514317424968669,-0.5515317458777036
4.905,31.847,0.5143457087851999,-0.5515854333579017
4.91,31.847,0.5143739085529757,-0.5516389304700364
4.915,31.847,0.5144019902538965,-0.5516922397408192
4.92,31.847,0.5144299460683562,-0.5517453623756052
4.925,31.847,0.5144577867012705,-0.5517982985179437
4.93,31.847,0.5144855322585282,-0.5518510478516058
4.9350000000000005,31.847,0.5145131972492971,-0.5519036103825079
4.94,31.847,0.51454078956892,-0.5519559866870095
4.945,31.847,0.5145683002361132,-0.5520081779236938
4.95,31.847,0.5145957086196578,-0.552060185463126
4.955,31.847,0.5146229978557892,-0.5521120104694196
4.96,31.847,0.5146501684412705,-0.5521636536152508
4.965,31.847,0.5146772434712056,-0.5522151149097883
4.97,31.847,0.5147042410551607,-0.5522663941824246
4.9750000000000005,31.847,0.5147311652538255,-0.5523174918598298
4.98,31.847,0.5147580065582986,-0.5523684089736229
4.985,31.847,0.5147847503355744,-0.5524191468039142
4.99,31.847,0.5148113869099904,-0.5524697064167817
4.995,31.847,0.5148379169285529,-0.5525200884251691
5,31.847,0.5148643495141997,-0.552570293089935