0,31.847,-2.19E-07
0.005,31.847,-0.001709654213
0.01,31.847,-0.004811989348
0.015,31.847,-0.0075739915
0.02,31.847,-0.009962614049
0.025,31.847,-0.01227026052
0.03,31.847,-0.01449946333
0.035,31.847,-0.01660509978
0.04,31.847,-0.01856336802
0.045,31.847,-0.02036158166
0.05,31.847,-0.02198030629
0.055,31.847,-0.02338391746
0.06,31.847,-0.02452291335
0.065,31.847,-0.02534575311
0.07,31.847,-0.02581506501
0.075,31.847,-0.02592183461
0.08,31.847,-0.02569236533
0.085,31.847,-0.02518603657
0.09,31.847,-0.02448548959
0.095,31.847,-0.02368314893
0.1,31.847,-0.02286826826
0.105,31.847,-0.02211741617
0.11,31.847,-0.0214894647
0.115,31.847,-0.02102458027
0.12,31.847,-0.02074587215
0.125,31.847,-0.02066222746
0.13,31.847,-0.02077120753
0.135,31.847,-0.0210614051
0.14,31.847,-0.02146494375
0.145,31.847,-0.0220070828
0.15,31.847,-0.02267966793
0.155,31.847,-0.023459949
0.16,31.847,-0.02431738216
0.165,31.847,-0.02521659562
0.17,31.847,-0.02612641134
0.175,31.847,-0.02700513946
0.18,31.847,-0.02781115576
0.185,31.847,-0.02850756596
0.19,31.847,-0.02906489475
0.195,31.847,-0.0294632806
0.2,31.847,-0.02969415985
0.205,31.847,-0.02976097824
0.21,31.847,-0.02967733657
0.215,31.847,-0.02946825332
0.22,31.847,-0.02916628363
0.225,31.847,-0.02880683892
0.23,31.847,-0.02842477329
0.235,31.847,-0.0280524725
0.24,31.847,-0.02771901891
0.245,31.847,-0.02744994907
0.25,31.847,-0.02726716243
0.255,31.847,-0.02718856245
0.26,31.847,-0.02722711251
0.265,31.847,-0.0273892731
0.27,31.847,-0.02767322353
0.275,31.847,-0.02806770594
0.28,31.847,-0.02855184431
0.285,31.847,-0.02909724623
0.29,31.847,-0.02967185272
0.295,31.847,-0.03024382082
0.3,31.847,-0.03078405704
0.305,31.847,-0.03126740958
0.31,31.847,-0.03167365976
0.315,31.847,-0.03198910874
0.32,31.847,-0.03220774801
0.325,31.847,-0.03232973105
0.33,31.847,-0.03235696706
0.335,31.847,-0.0322905885
0.34,31.847,-0.03213597922
0.345,31.847,-0.03191204842
0.35,31.847,-0.03165020071
0.355,31.847,-0.03137766687
0.36,31.847,-0.0311083795
0.365,31.847,-0.03085388861
0.37,31.847,-0.03064199734
0.375,31.847,-0.0305134804
0.38,31.847,-0.03048972321
0.385,31.847,-0.03054538875
0.39,31.847,-0.03065218627
0.395,31.847,-0.03081187775
0.4,31.847,-0.03104856955
0.405,31.847,-0.03136710989
0.41,31.847,-0.03172933805
0.415,31.847,-0.03207428905
0.42,31.847,-0.03239624667
0.425,31.847,-0.0327069552
0.43,31.847,-0.03300607313
0.435,31.847,-0.03327125493
0.44,31.847,-0.0334729826
0.445,31.847,-0.03359527564
0.45,31.847,-0.03363505675
0.455,31.847,-0.03360724843
0.46,31.847,-0.03352980421
0.465,31.847,-0.03340983991
0.47,31.847,-0.03324687624
0.475,31.847,-0.03304585711
0.48,31.847,-0.03283251796
0.485,31.847,-0.0326448649
0.49,31.847,-0.03250412006
0.495,31.847,-0.03240011007
0.5,31.847,-0.03231408639
0.505,31.847,-0.03225414993
0.51,31.847,-0.03225715968
0.515,31.847,-0.03233877388
0.52,31.847,-0.03248209285
0.525,31.847,-0.03265695425
0.53,31.847,-0.03284687301
0.535,31.847,-0.03305537248
0.54,31.847,-0.03328684084
0.545,31.847,-0.03352419272
0.55,31.847,-0.03374122753
0.555,31.847,-0.03391768169
0.56,31.847,-0.0340471255
0.565,31.847,-0.03413222572
0.57,31.847,-0.03418186618
0.575,31.847,-0.03419902863
0.58,31.847,-0.03417556055
0.585,31.847,-0.03410209371
0.59,31.847,-0.03398438102
0.595,31.847,-0.03384739479
0.6,31.847,-0.03371878085
0.605,31.847,-0.03360641279
0.61,31.847,-0.03349336215
0.615,31.847,-0.03337482573
0.62,31.847,-0.03326930138
0.625,31.847,-0.03320311444
0.63,31.847,-0.03319000271
0.635,31.847,-0.03323004635
0.64,31.847,-0.03330528884
0.645,31.847,-0.03339677614
0.65,31.847,-0.03350144205
0.655,31.847,-0.03362887074
0.66,31.847,-0.03378599224
0.665,31.847,-0.03395456206
0.67,31.847,-0.03409758869
0.675,31.847,-0.03419672299
0.68,31.847,-0.03427806728
0.685,31.847,-0.03436454047
0.69,31.847,-0.03443566105
0.695,31.847,-0.03446757567
0.7,31.847,-0.03445482894
0.705,31.847,-0.03440976851
0.71,31.847,-0.03434706123
0.715,31.847,-0.03427245366
0.72,31.847,-0.03418497709
0.725,31.847,-0.03408627127
0.73,31.847,-0.03398343494
0.735,31.847,-0.03389088564
0.74,31.847,-0.03382280532
0.745,31.847,-0.03378388589
0.75,31.847,-0.03376811559
0.755,31.847,-0.03376720832
0.76,31.847,-0.03378013372
0.765,31.847,-0.03381805115
0.77,31.847,-0.03388747777
0.775,31.847,-0.03398056259
0.78,31.847,-0.03407918705
0.785,31.847,-0.03416945758
0.79,31.847,-0.03425155482
0.795,31.847,-0.03433536949
0.8,31.847,-0.03441967854
0.805,31.847,-0.03449353519
0.81,31.847,-0.0345449211
0.815,31.847,-0.03456833212
0.82,31.847,-0.03456376831
0.825,31.847,-0.03453791902
0.83,31.847,-0.03449840595
0.835,31.847,-0.03444892412
0.84,31.847,-0.0343902235
0.845,31.847,-0.03432473954
0.85,31.847,-0.03425878542
0.855,31.847,-0.03419951273
0.86,31.847,-0.03415035432
0.865,31.847,-0.03411082201
0.87,31.847,-0.03408192449
0.875,31.847,-0.03406784735
0.88,31.847,-0.03407214215
0.885,31.847,-0.03409506604
0.89,31.847,-0.03413351399
0.895,31.847,-0.03418225925
0.9,31.847,-0.03423794612
0.905,31.847,-0.03430070799
0.91,31.847,-0.03437108247
0.915,31.847,-0.03444482753
0.92,31.847,-0.03450975952
0.925,31.847,-0.03455236459
0.93,31.847,-0.03457047142
0.935,31.847,-0.03457836918
0.94,31.847,-0.03458716264
0.945,31.847,-0.03459428311
0.95,31.847,-0.03458658029
0.955,31.847,-0.03455485559
0.96,31.847,-0.03450477058
0.965,31.847,-0.03445521036
0.97,31.847,-0.03441301842
0.975,31.847,-0.03437614871
0.98,31.847,-0.03434075689
0.985,31.847,-0.0343064877
0.99,31.847,-0.0342772667
0.995,31.847,-0.03425978842
1,31.847,-0.0342583638
1.005,31.847,-0.03427220014
1.01,31.847,-0.0342976413
1.015,31.847,-0.03433188518
1.02,31.847,-0.03437342103
1.025,31.847,-0.03441922136
1.03,31.847,-0.03446343613
1.035,31.847,-0.03450076705
1.04,31.847,-0.03453134466
1.045,31.847,-0.03456066018
1.05,31.847,-0.0345928268
1.055,31.847,-0.0346235896
1.06,31.847,-0.0346414676
1.065,31.847,-0.03463763204
1.07,31.847,-0.03461518006
1.075,31.847,-0.03458757911
1.08,31.847,-0.03456652405
1.085,31.847,-0.03455096101
1.09,31.847,-0.03452898446
1.095,31.847,-0.03449162462
1.1,31.847,-0.03444484674
1.105,31.847,-0.03440699126
1.11,31.847,-0.03439328091
1.115,31.847,-0.03440240626
1.12,31.847,-0.03441851855
1.125,31.847,-0.03442659847
1.13,31.847,-0.03442591135
1.135,31.847,-0.03442876412
1.14,31.847,-0.03444709319
1.145,31.847,-0.03448120216
1.15,31.847,-0.03452118645
1.155,31.847,-0.03455732212
1.16,31.847,-0.03458694371
1.165,31.847,-0.03461203696
1.17,31.847,-0.03463154005
1.175,31.847,-0.03464399001
1.18,31.847,-0.03465009492
1.185,31.847,-0.03465194163
1.19,31.847,-0.03465018862
1.195,31.847,-0.03464295875
1.2,31.847,-0.0346279846
1.205,31.847,-0.03460582273
1.21,31.847,-0.03458077163
1.215,31.847,-0.03455845315
1.22,31.847,-0.03454221686
1.225,31.847,-0.03453148146
1.23,31.847,-0.03452322069
1.235,31.847,-0.03451507487
1.24,31.847,-0.03450745824
1.245,31.847,-0.03450320778
1.25,31.847,-0.03450542594
1.255,31.847,-0.03451538229
1.26,31.847,-0.03453191289
1.265,31.847,-0.03455237997
1.27,31.847,-0.03457417082
1.275,31.847,-0.03459563116
1.28,31.847,-0.03461603193
1.285,31.847,-0.03463494101
1.29,31.847,-0.0346516598
1.295,31.847,-0.03466513892
1.3,31.847,-0.03467433777
1.305,31.847,-0.03467869535
1.31,31.847,-0.03467837687
1.315,31.847,-0.03467416582
1.32,31.847,-0.03466710511
1.325,31.847,-0.03465811702
1.33,31.847,-0.03464780801
1.335,31.847,-0.03463653344
1.34,31.847,-0.03462464227
1.345,31.847,-0.03461272639
1.35,31.847,-0.03460171121
1.355,31.847,-0.03459272766
1.36,31.847,-0.03458683689
1.365,31.847,-0.03458475552
1.37,31.847,-0.03458671222
1.375,31.847,-0.03459247572
1.38,31.847,-0.03460149716
1.385,31.847,-0.03461306677
1.39,31.847,-0.03462641288
1.395,31.847,-0.03464073597
1.4,31.847,-0.03465522041
1.405,31.847,-0.03466906915
1.41,31.847,-0.03468157163
1.415,31.847,-0.03469217588
1.42,31.847,-0.03470052428
1.425,31.847,-0.03470643447
1.43,31.847,-0.03470984363
1.435,31.847,-0.03471075702
1.44,31.847,-0.03470923614
1.445,31.847,-0.03470543278
1.45,31.847,-0.03469964457
1.455,31.847,-0.03469235249
1.46,31.847,-0.03468421074
1.465,31.847,-0.03467598346
1.47,31.847,-0.03466844812
1.475,31.847,-0.03466229677
1.48,31.847,-0.03465806218
1.485,31.847,-0.03465608079
1.49,31.847,-0.03465648967
1.495,31.847,-0.0346592457
1.5,31.847,-0.03466415573
1.505,31.847,-0.03467091047
1.51,31.847,-0.03467911925
1.515,31.847,-0.0346883435
1.52,31.847,-0.03469812632
1.525,31.847,-0.03470801427
1.53,31.847,-0.03471757042
1.535,31.847,-0.03472638142
1.54,31.847,-0.03473406504
1.545,31.847,-0.03474028511
1.55,31.847,-0.03474477648
1.555,31.847,-0.03474737644
1.56,31.847,-0.03474805369
1.565,31.847,-0.03474692443
1.57,31.847,-0.03474424819
1.575,31.847,-0.03474040263
1.58,31.847,-0.03473584217
1.585,31.847,-0.03473104984
1.59,31.847,-0.0347264915
1.595,31.847,-0.03472257936
1.6,31.847,-0.03471964803
1.605,31.847,-0.03471794271
1.61,31.847,-0.03471761724
1.615,31.847,-0.03471873839
1.62,31.847,-0.03472129315
1.625,31.847,-0.03472519639
1.63,31.847,-0.03473029739
1.635,31.847,-0.03473638527
1.64,31.847,-0.03474319497
1.645,31.847,-0.0347504162
1.65,31.847,-0.03475770771
1.655,31.847,-0.03476471804
1.66,31.847,-0.03477111169
1.665,31.847,-0.03477659752
1.67,31.847,-0.03478095463
1.675,31.847,-0.03478405129
1.68,31.847,-0.0347858536
1.685,31.847,-0.03478642293
1.69,31.847,-0.03478590355
1.695,31.847,-0.0347845037
1.7,31.847,-0.03478247374
1.705,31.847,-0.03478008498
1.71,31.847,-0.03477761131
1.715,31.847,-0.03477531465
1.72,31.847,-0.03477343379
1.725,31.847,-0.03477217564
1.73,31.847,-0.03477170764
1.735,31.847,-0.03477215047
1.74,31.847,-0.03477357124
1.745,31.847,-0.03477597766
1.75,31.847,-0.03477931494
1.755,31.847,-0.03478346684
1.76,31.847,-0.03478826205
1.765,31.847,-0.03479348631
1.77,31.847,-0.03479889912
1.775,31.847,-0.03480425338
1.78,31.847,-0.03480931522
1.785,31.847,-0.03481388154
1.79,31.847,-0.03481779332
1.795,31.847,-0.03482094353
1.8,31.847,-0.03482327992
1.805,31.847,-0.03482480326
1.81,31.847,-0.03482556251
1.815,31.847,-0.03482564829
1.82,31.847,-0.03482518545
1.825,31.847,-0.03482432531
1.83,31.847,-0.03482323765
1.835,31.847,-0.03482210197
1.84,31.847,-0.03482109792
1.845,31.847,-0.03482039492
1.85,31.847,-0.03482014135
1.855,31.847,-0.03482045427
1.86,31.847,-0.0348214109
1.865,31.847,-0.03482304295
1.87,31.847,-0.03482533477
1.875,31.847,-0.03482822568
1.88,31.847,-0.03483161611
1.885,31.847,-0.03483537685
1.89,31.847,-0.03483935996
1.895,31.847,-0.03484341029
1.9,31.847,-0.03484737608
1.905,31.847,-0.03485111827
1.91,31.847,-0.0348545177
1.915,31.847,-0.03485748057
1.92,31.847,-0.03485994214
1.925,31.847,-0.03486186896
1.93,31.847,-0.03486325983
1.935,31.847,-0.0348641454
1.94,31.847,-0.03486458634
1.945,31.847,-0.03486466971
1.95,31.847,-0.0348645036
1.955,31.847,-0.03486421
1.96,31.847,-0.03486391652
1.965,31.847,-0.03486374728
1.97,31.847,-0.03486381425
1.975,31.847,-0.03486420956
1.98,31.847,-0.03486499973
1.985,31.847,-0.03486622216
1.99,31.847,-0.03486788418
1.995,31.847,-0.03486996425
2,31.847,-0.03487241519
2.005,31.847,-0.03487516864
2.01,31.847,-0.03487814036
2.015,31.847,-0.03488123597
2.02,31.847,-0.03488435678
2.025,31.847,-0.03488740541
2.03,31.847,-0.03489029134
2.035,31.847,-0.03489293593
2.04,31.847,-0.034895277
2.045,31.847,-0.03489727247
2.05,31.847,-0.03489890288
2.055,31.847,-0.0349001725
2.06,31.847,-0.03490110868
2.065,31.847,-0.03490175961
2.07,31.847,-0.03490219047
2.075,31.847,-0.03490247845
2.08,31.847,-0.03490270695
2.085,31.847,-0.03490295969
2.09,31.847,-0.03490331509
2.095,31.847,-0.03490384148
2.1,31.847,-0.03490459324
2.105,31.847,-0.03490560821
2.11,31.847,-0.0349069062
2.115,31.847,-0.03490848866
2.12,31.847,-0.0349103393
2.125,31.847,-0.03491242568
2.13,31.847,-0.03491470151
2.135,31.847,-0.03491710974
2.14,31.847,-0.03491958622
2.145,31.847,-0.0349220638
2.15,31.847,-0.03492447662
2.155,31.847,-0.03492676442
2.16,31.847,-0.03492887637
2.165,31.847,-0.03493077424
2.17,31.847,-0.03493243465
2.175,31.847,-0.03493385017
2.18,31.847,-0.03493502915
2.185,31.847,-0.03493599463
2.19,31.847,-0.03493678207
2.195,31.847,-0.03493743658
2.2,31.847,-0.03493799997
2.205,31.847,-0.03493852967
2.21,31.847,-0.03493908473
2.215,31.847,-0.03493971946
2.22,31.847,-0.03494048027
2.225,31.847,-0.03494140351
2.23,31.847,-0.03494251374
2.235,31.847,-0.03494382259
2.24,31.847,-0.03494532818
2.245,31.847,-0.03494701541
2.25,31.847,-0.03494885711
2.255,31.847,-0.03495081596
2.26,31.847,-0.03495284727
2.265,31.847,-0.03495490227
2.27,31.847,-0.03495693174
2.275,31.847,-0.0349588895
2.28,31.847,-0.03496073562
2.285,31.847,-0.03496243891
2.29,31.847,-0.03496397862
2.295,31.847,-0.03496534524
2.3,31.847,-0.03496654052
2.305,31.847,-0.03496757679
2.31,31.847,-0.03496847571
2.315,31.847,-0.03496926667
2.32,31.847,-0.03496998483
2.325,31.847,-0.03497066894
2.33,31.847,-0.03497135897
2.335,31.847,-0.03497209354
2.34,31.847,-0.03497290732
2.345,31.847,-0.03497382868
2.35,31.847,-0.03497487764
2.355,31.847,-0.03497606451
2.36,31.847,-0.0349773894
2.365,31.847,-0.03497884256
2.37,31.847,-0.03498040549
2.375,31.847,-0.03498205278
2.38,31.847,-0.03498375421
2.385,31.847,-0.03498547711
2.39,31.847,-0.03498718858
2.395,31.847,-0.03498885752
2.4,31.847,-0.03499045636
2.405,31.847,-0.0349919624
2.41,31.847,-0.03499335895
2.415,31.847,-0.0349946362
2.42,31.847,-0.03499579186
2.425,31.847,-0.03499683138
2.43,31.847,-0.03499776768
2.435,31.847,-0.0349986204
2.44,31.847,-0.03499941438
2.445,31.847,-0.0350001778
2.45,31.847,-0.03500093985
2.455,31.847,-0.03500172847
2.46,31.847,-0.03500256821
2.465,31.847,-0.03500347868
2.47,31.847,-0.0350044735
2.475,31.847,-0.03500555988
2.48,31.847,-0.03500673866
2.485,31.847,-0.03500800473
2.49,31.847,-0.03500934765
2.495,31.847,-0.03501075245
2.5,31.847,-0.03501220056
2.505,31.847,-0.03501367079
2.51,31.847,-0.03501514049
2.515,31.847,-0.0350165868
2.52,31.847,-0.0350179882
2.525,31.847,-0.03501932614
2.53,31.847,-0.03502058662
2.535,31.847,-0.03502176136
2.54,31.847,-0.03502284839
2.545,31.847,-0.03502385199
2.55,31.847,-0.03502478187
2.555,31.847,-0.03502565207
2.56,31.847,-0.03502647952
2.565,31.847,-0.03502728261
2.57,31.847,-0.03502807998
2.575,31.847,-0.03502888941
2.58,31.847,-0.03502972702
2.585,31.847,-0.03503060661
2.59,31.847,-0.03503153908
2.595,31.847,-0.03503253191
2.6,31.847,-0.03503358867
2.605,31.847,-0.03503470853
2.61,31.847,-0.03503588611
2.615,31.847,-0.0350371116
2.62,31.847,-0.03503837133
2.625,31.847,-0.03503964888
2.63,31.847,-0.03504092658
2.635,31.847,-0.03504218725
2.64,31.847,-0.03504341575
2.645,31.847,-0.0350446001
2.65,31.847,-0.035045732
2.655,31.847,-0.03504680685
2.66,31.847,-0.03504782346
2.665,31.847,-0.03504878369
2.67,31.847,-0.03504969221
2.675,31.847,-0.03505055624
2.68,31.847,-0.03505138519
2.685,31.847,-0.03505219028
2.69,31.847,-0.03505298403
2.695,31.847,-0.03505377968
2.7,31.847,-0.03505459047
2.705,31.847,-0.03505542862
2.71,31.847,-0.03505630417
2.715,31.847,-0.03505722374
2.72,31.847,-0.03505818984
2.725,31.847,-0.03505920068
2.73,31.847,-0.03506025071
2.735,31.847,-0.03506133166
2.74,31.847,-0.03506243371
2.745,31.847,-0.03506354657
2.75,31.847,-0.03506466014
2.755,31.847,-0.03506576494
2.76,31.847,-0.03506685217
2.765,31.847,-0.03506791378
2.77,31.847,-0.03506894274
2.775,31.847,-0.03506993349
2.78,31.847,-0.03507088249
2.785,31.847,-0.03507178872
2.79,31.847,-0.03507265391
2.795,31.847,-0.03507348257
2.8,31.847,-0.03507428188
2.805,31.847,-0.0350750613
2.81,31.847,-0.03507583181
2.815,31.847,-0.03507660467
2.82,31.847,-0.0350773899
2.825,31.847,-0.03507819503
2.83,31.847,-0.03507902462
2.835,31.847,-0.03507988061
2.84,31.847,-0.03508076325
2.845,31.847,-0.03508167181
2.85,31.847,-0.03508260481
2.855,31.847,-0.03508355974
2.86,31.847,-0.03508453263
2.865,31.847,-0.0350855179
2.87,31.847,-0.03508650862
2.875,31.847,-0.03508749694
2.88,31.847,-0.03508847477
2.885,31.847,-0.03508943426
2.89,31.847,-0.03509036856
2.895,31.847,-0.03509127249
2.9,31.847,-0.03509214334
2.905,31.847,-0.03509298132
2.91,31.847,-0.03509378962
2.915,31.847,-0.0350945738
2.92,31.847,-0.03509534063
2.925,31.847,-0.03509609676
2.93,31.847,-0.03509684768
2.935,31.847,-0.03509759748
2.94,31.847,-0.03509834949
2.945,31.847,-0.0350991073
2.95,31.847,-0.0350998754
2.955,31.847,-0.03510065875
2.96,31.847,-0.03510146154
2.965,31.847,-0.0351022859
2.97,31.847,-0.03510313129
2.975,31.847,-0.035103995
2.98,31.847,-0.03510487293
2.985,31.847,-0.03510576009
2.99,31.847,-0.03510665055
2.995,31.847,-0.03510753737
3,31.847,-0.0351084133
3.005,31.847,-0.03510927229
3.01,31.847,-0.03511011099
3.015,31.847,-0.03511092919
3.02,31.847,-0.03511172877
3.025,31.847,-0.03511251186
3.03,31.847,-0.03511327943
3.035,31.847,-0.03511403109
3.04,31.847,-0.03511476627
3.045,31.847,-0.03511548584
3.05,31.847,-0.0351161931
3.055,31.847,-0.03511689369
3.06,31.847,-0.03511759437
3.065,31.847,-0.0351183014
3.07,31.847,-0.03511901929
3.075,31.847,-0.03511975054
3.08,31.847,-0.03512049618
3.085,31.847,-0.03512125646
3.09,31.847,-0.0351220309
3.095,31.847,-0.03512281748
3.1,31.847,-0.03512361199
3.105,31.847,-0.03512440851
3.11,31.847,-0.03512520145
3.115,31.847,-0.03512598783
3.12,31.847,-0.03512676812
3.125,31.847,-0.03512754443
3.13,31.847,-0.03512831721
3.135,31.847,-0.03512908303
3.14,31.847,-0.0351298353
3.145,31.847,-0.0351305678
3.15,31.847,-0.0351312783
3.155,31.847,-0.03513196972
3.16,31.847,-0.03513264805
3.165,31.847,-0.03513331895
3.17,31.847,-0.03513398573
3.175,31.847,-0.03513464995
3.18,31.847,-0.03513531354
3.185,31.847,-0.03513598018
3.19,31.847,-0.03513665447
3.195,31.847,-0.03513733956
3.2,31.847,-0.03513803504
3.205,31.847,-0.03513873707
3.21,31.847,-0.03513944077
3.215,31.847,-0.0351401436
3.22,31.847,-0.0351408472
3.225,31.847,-0.03514155643
3.23,31.847,-0.03514227566
3.235,31.847,-0.03514300461
3.24,31.847,-0.03514373656
3.245,31.847,-0.03514446085
3.25,31.847,-0.03514516838
3.255,31.847,-0.03514585648
3.26,31.847,-0.03514652949
3.265,31.847,-0.03514719431
3.27,31.847,-0.03514785452
3.275,31.847,-0.03514850788
3.28,31.847,-0.0351491496
3.285,31.847,-0.03514977853
3.29,31.847,-0.03515040047
3.295,31.847,-0.03515102505
3.3,31.847,-0.03515165847
3.305,31.847,-0.0351522983
3.31,31.847,-0.03515293534
3.315,31.847,-0.03515356171
3.32,31.847,-0.03515417857
3.325,31.847,-0.03515479701
3.33,31.847,-0.0351554309
3.335,31.847,-0.03515608712
3.34,31.847,-0.03515676052
3.345,31.847,-0.03515743721
3.35,31.847,-0.03515810363
3.355,31.847,-0.03515875465
3.36,31.847,-0.03515939518
3.365,31.847,-0.03516003463
3.37,31.847,-0.03516067858
3.375,31.847,-0.03516132367
3.38,31.847,-0.03516195975
3.385,31.847,-0.03516257788
3.39,31.847,-0.03516317832
3.395,31.847,-0.03516377177
3.4,31.847,-0.03516437187
3.405,31.847,-0.03516498369
3.41,31.847,-0.03516559772
3.415,31.847,-0.03516619568
3.42,31.847,-0.03516676534
3.425,31.847,-0.03516731305
3.43,31.847,-0.03516786258
3.435,31.847,-0.0351684391
3.44,31.847,-0.03516905023
3.445,31.847,-0.03516967952
3.45,31.847,-0.03517029894
3.455,31.847,-0.03517089094
3.46,31.847,-0.03517146207
3.465,31.847,-0.03517203661
3.47,31.847,-0.03517263547
3.475,31.847,-0.03517325793
3.48,31.847,-0.0351738817
3.485,31.847,-0.03517448121
3.49,31.847,-0.03517504889
3.495,31.847,-0.03517560174
3.5,31.847,-0.03517616777
3.505,31.847,-0.03517676297
3.51,31.847,-0.03517737682
3.515,31.847,-0.03517797816
3.52,31.847,-0.03517853737
3.525,31.847,-0.03517904929
3.53,31.847,-0.03517953964
3.535,31.847,-0.03518004917
3.54,31.847,-0.03518060531
3.545,31.847,-0.03518120137
3.55,31.847,-0.03518179984
3.555,31.847,-0.03518235972
3.56,31.847,-0.03518286904
3.565,31.847,-0.0351833567
3.57,31.847,-0.0351838716
3.575,31.847,-0.03518444301
3.58,31.847,-0.03518505385
3.585,31.847,-0.03518565155
3.59,31.847,-0.03518619091
3.595,31.847,-0.03518667446
3.6,31.847,-0.03518715474
3.605,31.847,-0.03518769263
3.61,31.847,-0.03518830444
3.615,31.847,-0.0351889429
3.62,31.847,-0.03518953098
3.625,31.847,-0.03519002312
3.63,31.847,-0.03519044411
3.635,31.847,-0.03519087226
3.64,31.847,-0.03519137918
3.645,31.847,-0.03519197371
3.65,31.847,-0.03519259478
3.655,31.847,-0.03519315878
3.66,31.847,-0.03519362457
3.665,31.847,-0.0351940258
3.67,31.847,-0.03519444581
3.675,31.847,-0.03519495385
3.68,31.847,-0.03519555063
3.685,31.847,-0.03519616481
3.69,31.847,-0.03519670587
3.695,31.847,-0.03519713588
3.7,31.847,-0.03519750563
3.705,31.847,-0.03519792278
3.71,31.847,-0.03519846974
3.715,31.847,-0.03519913198
3.72,31.847,-0.03519979733
3.725,31.847,-0.03520033634
3.73,31.847,-0.03520070705
3.735,31.847,-0.0352009989
3.74,31.847,-0.03520137146
3.745,31.847,-0.03520192817
3.75,31.847,-0.03520262592
3.755,31.847,-0.03520330057
3.76,31.847,-0.03520379626
3.765,31.847,-0.03520409591
3.77,31.847,-0.03520434238
3.775,31.847,-0.03520472622
3.78,31.847,-0.03520532856
3.785,31.847,-0.03520604912
3.79,31.847,-0.03520668288
3.795,31.847,-0.03520708614
3.8,31.847,-0.03520729789
3.805,31.847,-0.0352075161
3.81,31.847,-0.03520794477
3.815,31.847,-0.03520863088
3.82,31.847,-0.03520941978
3.825,31.847,-0.03521003153
3.83,31.847,-0.03521040747
3.835,31.847,-0.03521064122
3.84,31.847,-0.0352108985
3.845,31.847,-0.03521129314
3.85,31.847,-0.03521187833
3.855,31.847,-0.03521256711
3.86,31.847,-0.03521318391
3.865,31.847,-0.03521359782
3.87,31.847,-0.03521383179
3.875,31.847,-0.03521405569
3.88,31.847,-0.03521445794
3.885,31.847,-0.03521509031
3.89,31.847,-0.03521581282
3.895,31.847,-0.03521636253
3.9,31.847,-0.03521669238
3.905,31.847,-0.03521690671
3.91,31.847,-0.03521717008
3.915,31.847,-0.03521758868
3.92,31.847,-0.03521814992
3.925,31.847,-0.03521875029
3.93,31.847,-0.03521927775
3.935,31.847,-0.03521968525
3.94,31.847,-0.03522000941
3.945,31.847,-0.03522033229
3.95,31.847,-0.03522072134
3.955,31.847,-0.0352211896
3.96,31.847,-0.03522169782
3.965,31.847,-0.03522218898
3.97,31.847,-0.03522262756
3.975,31.847,-0.03522301768
3.98,31.847,-0.03522339255
3.985,31.847,-0.03522378738
3.99,31.847,-0.03522421653
3.995,31.847,-0.03522467379
4,31.847,-0.03522512763
4.005,31.847,-0.03522554406
4.01,31.847,-0.03522591516
4.015,31.847,-0.03522626863
4.02,31.847,-0.03522664882
4.025,31.847,-0.03522708841
4.03,31.847,-0.03522757136
4.035,31.847,-0.03522803399
4.04,31.847,-0.03522841592
4.045,31.847,-0.035228721
4.05,31.847,-0.0352290286
4.055,31.847,-0.03522943153
4.06,31.847,-0.03522993437
4.065,31.847,-0.03523045396
4.07,31.847,-0.03523088985
4.075,31.847,-0.03523120687
4.08,31.847,-0.03523146682
4.085,31.847,-0.03523178205
4.09,31.847,-0.03523223333
4.095,31.847,-0.03523279411
4.1,31.847,-0.03523332367
4.105,31.847,-0.03523367708
4.11,31.847,-0.03523385093
4.115,31.847,-0.03523403451
4.12,31.847,-0.03523441632
4.125,31.847,-0.03523495719
4.13,31.847,-0.03523553005
4.135,31.847,-0.03523600932
4.14,31.847,-0.03523634652
4.145,31.847,-0.0352365673
4.15,31.847,-0.03523678606
4.155,31.847,-0.03523712584
4.16,31.847,-0.03523761989
4.165,31.847,-0.03523817888
4.17,31.847,-0.03523865546
4.175,31.847,-0.03523896017
4.18,31.847,-0.03523913813
4.185,31.847,-0.03523936946
4.19,31.847,-0.03523974242
4.195,31.847,-0.03524023446
4.2,31.847,-0.03524074642
4.205,31.847,-0.03524118062
4.21,31.847,-0.03524150189
4.215,31.847,-0.0352417363
4.22,31.847,-0.03524197928
4.225,31.847,-0.03524232767
4.23,31.847,-0.0352428001
4.235,31.847,-0.0352433154
4.24,31.847,-0.03524375127
4.245,31.847,-0.03524404073
4.25,31.847,-0.03524422964
4.255,31.847,-0.0352444461
4.26,31.847,-0.03524480871
4.265,31.847,-0.03524533124
4.27,31.847,-0.03524587759
4.275,31.847,-0.03524625762
4.28,31.847,-0.0352464055
4.285,31.847,-0.03524649551
4.29,31.847,-0.035246772
4.295,31.847,-0.0352472466
4.3,31.847,-0.03524780389
4.305,31.847,-0.03524829331
4.31,31.847,-0.03524863418
4.315,31.847,-0.03524881994
4.32,31.847,-0.03524896265
4.325,31.847,-0.03524923774
4.33,31.847,-0.03524966246
4.335,31.847,-0.03525015795
4.34,31.847,-0.03525061276
4.345,31.847,-0.03525096247
4.35,31.847,-0.0352511936
4.355,31.847,-0.03525138172
4.36,31.847,-0.03525164089
4.365,31.847,-0.03525203347
4.37,31.847,-0.03525251572
4.375,31.847,-0.03525296694
4.38,31.847,-0.03525327646
4.385,31.847,-0.03525343443
4.39,31.847,-0.0352535737
4.395,31.847,-0.03525387628
4.4,31.847,-0.0352544012
4.405,31.847,-0.03525497453
4.41,31.847,-0.03525535857
4.415,31.847,-0.03525554659
4.42,31.847,-0.03525565474
4.425,31.847,-0.03525583047
4.43,31.847,-0.03525615088
4.435,31.847,-0.03525661974
4.44,31.847,-0.03525712675
4.445,31.847,-0.035257504
4.45,31.847,-0.03525773771
4.455,31.847,-0.03525790444
4.46,31.847,-0.03525810917
4.465,31.847,-0.03525841089
4.47,31.847,-0.03525881939
4.475,31.847,-0.03525926155
4.48,31.847,-0.03525963085
4.485,31.847,-0.03525987215
4.49,31.847,-0.03526003069
4.495,31.847,-0.0352602221
4.5,31.847,-0.03526054256
4.505,31.847,-0.03526098849
4.51,31.847,-0.03526142816
4.515,31.847,-0.03526176561
4.52,31.847,-0.0352619905
4.525,31.847,-0.03526216787
4.53,31.847,-0.0352623826
4.535,31.847,-0.03526268112
4.54,31.847,-0.03526304807
4.545,31.847,-0.03526342664
4.55,31.847,-0.0352637678
4.555,31.847,-0.0352640367
4.56,31.847,-0.03526425115
4.565,31.847,-0.03526447256
4.57,31.847,-0.03526475897
4.575,31.847,-0.03526511776
4.58,31.847,-0.03526549671
4.585,31.847,-0.03526582315
4.59,31.847,-0.03526606222
4.595,31.847,-0.0352662604
4.6,31.847,-0.03526648881
4.605,31.847,-0.03526678198
4.61,31.847,-0.0352671246
4.615,31.847,-0.03526747071
4.62,31.847,-0.03526777869
4.625,31.847,-0.03526803573
4.63,31.847,-0.03526825642
4.635,31.847,-0.03526848377
4.64,31.847,-0.0352687585
4.645,31.847,-0.03526908585
4.65,31.847,-0.03526942868
4.655,31.847,-0.03526973472
4.66,31.847,-0.03526997787
4.665,31.847,-0.03527018083
4.67,31.847,-0.03527039954
4.675,31.847,-0.03527068298
4.68,31.847,-0.0352710325
4.685,31.847,-0.0352713856
4.69,31.847,-0.03527166098
4.695,31.847,-0.03527183603
4.7,31.847,-0.03527199277
4.705,31.847,-0.03527223733
4.71,31.847,-0.03527256858
4.715,31.847,-0.03527293107
4.72,31.847,-0.03527325777
4.725,31.847,-0.03527351547
4.73,31.847,-0.03527370575
4.735,31.847,-0.03527388148
4.74,31.847,-0.0352741106
4.745,31.847,-0.03527442209
4.75,31.847,-0.0352747797
4.755,31.847,-0.03527510833
4.76,31.847,-0.03527533877
4.765,31.847,-0.03527547928
4.77,31.847,-0.03527562827
4.775,31.847,-0.03527589657
4.78,31.847,-0.03527629807
4.785,31.847,-0.0352767026
4.79,31.847,-0.03527696859
4.795,31.847,-0.03527711579
4.8,31.847,-0.03527723251
4.805,31.847,-0.03527741104
4.81,31.847,-0.03527768937
4.815,31.847,-0.0352780519
4.82,31.847,-0.03527841594
4.825,31.847,-0.03527868984
4.83,31.847,-0.03527884725
4.835,31.847,-0.03527895355
4.84,31.847,-0.03527913521
4.845,31.847,-0.03527942015
4.85,31.847,-0.03527976542
4.855,31.847,-0.03528009608
4.86,31.847,-0.03528035896
4.865,31.847,-0.03528055321
4.87,31.847,-0.03528072174
4.875,31.847,-0.03528091601
4.88,31.847,-0.0352811611
4.885,31.847,-0.03528145507
4.89,31.847,-0.03528175702
4.895,31.847,-0.03528201563
4.9,31.847,-0.03528221053
4.905,31.847,-0.03528237142
4.91,31.847,-0.03528255745
4.915,31.847,-0.03528281091
4.92,31.847,-0.03528312157
4.925,31.847,-0.03528341951
4.93,31.847,-0.03528366232
4.935,31.847,-0.03528385129
4.94,31.847,-0.03528402223
4.945,31.847,-0.03528421615
4.95,31.847,-0.03528445192
4.955,31.847,-0.03528471798
4.96,31.847,-0.03528498503
4.965,31.847,-0.03528523021
4.97,31.847,-0.03528543982
4.975,31.847,-0.0352856263
4.98,31.847,-0.0352858209
4.985,31.847,-0.03528604948
4.99,31.847,-0.03528631101
4.995,31.847,-0.03528657667
5,31.847,-0.03528681159