0,0,1.4698148210436798E-6,7.030826558385925E-6
0.005,0.03184700000000001,-0.0022665899601842865,5.455006558138027E-4
0.01,0.06369400000000001,-0.002936711355673558,6.515173864762504E-4
0.015,0.09554100000000001,-0.0035149776004516076,5.627540059101097E-4
0.02,0.12738800000000003,-0.004872514480805187,6.110516656683943E-4
0.025,0.15923500000000002,-0.006467697545111095,6.767908837043239E-4
0.03,0.19108200000000003,-0.008317159764855777,6.901803959210314E-4
0.035,0.22292900000000004,-0.01050177517188639,6.937096211431444E-4
0.04,0.25477600000000006,-0.012929711227858576,7.131013967691295E-4
0.045,0.286623,-0.01546708175098982,7.347272626714007E-4
0.05,0.31847000000000003,-0.017988905323223642,7.499296826115582E-4
0.055,0.350317,-0.020263244990555013,7.635842889065749E-4
0.06,0.38216400000000006,-0.022252556027282353,7.779904171424335E-4
0.065,0.414011,-0.023951094414639964,7.919728711915884E-4
0.07,0.4458580000000001,-0.025368376626735255,8.056071080206273E-4
0.075,0.47770500000000005,-0.026516508228014928,8.192254610364969E-4
0.08,0.5095520000000001,-0.02740552366425606,8.33096756842557E-4
0.085,0.5413990000000001,-0.028043234613156998,8.4738871696893E-4
0.09,0.573246,-0.02843723180114859,8.621526475121957E-4
0.095,0.6050930000000001,-0.02859758309024436,8.773320405452222E-4
0.1,0.6369400000000001,-0.028539357015441587,8.928008419547028E-4
0.105,0.668787,-0.028284382122527374,9.084078887347777E-4
0.11,0.700634,-0.02786184236099034,9.240078219132335E-4
0.115,0.7324810000000002,-0.027307559765479394,9.394751467408164E-4
0.12,0.7643280000000001,-0.026662118432196576,9.547073577324342E-4
0.125,0.7961750000000001,-0.025968240708444047,9.696231242552961E-4
0.13,0.828022,-0.02526795054365989,9.841584358280925E-4
0.135,0.8598690000000001,-0.02460002519625933,9.982617884774605E-4
0.14,0.8917160000000002,-0.023998081789495095,0.001011889424497958
0.145,0.923563,-0.023452023597002408,0.001025084642581611
0.15,0.9554100000000001,-0.02299592700033052,0.0010377421604930868
0.155,0.987257,-0.022653841976944512,0.0010498623099508492
0.16,1.0191040000000002,-0.022442214078636245,0.0010614121199509735
0.165,1.0509510000000002,-0.022371118526243315,0.0010723396360109911
0.17,1.0827980000000001,-0.02244466114717298,0.0010826143888611897
0.17500000000000002,1.1146450000000003,-0.022663829371436996,0.0010922115180640225
0.18,1.146492,-0.02302428251411462,0.0011011125516635011
0.185,1.1783390000000002,-0.02351681622041174,0.0011093090194798938
0.19,1.2101860000000002,-0.024128356704082993,0.0011168141007718794
0.195,1.2420330000000002,-0.024842622025429164,0.0011236611896866056
0.2,1.2738800000000001,-0.025640445276828162,0.0011298938002577445
0.20500000000000002,1.3057270000000003,-0.02649997839857174,0.0011355623894032168
0.21,1.337574,-0.027397264550273435,0.0011407239781636676
0.215,1.369421,-0.028306199735961025,0.001145436898312556
0.22,1.401268,-0.029199820695883765,0.0011497515060240832
0.225,1.4331150000000004,-0.030052022509176834,0.0011537142658541181
0.23,1.4649620000000003,-0.030839215279648342,0.001157377825507879
0.23500000000000001,1.4968090000000003,-0.03154170861599062,0.0011607992502488964
0.24,1.5286560000000002,-0.03214464858283526,0.001164035526598762
0.245,1.5605030000000002,-0.03263836871096872,0.0011671485852914442
0.25,1.5923500000000002,-0.03301815716093227,0.0011702016945966834
0.255,1.6241970000000001,-0.03328357986481596,0.0011732394975349004
0.26,1.656044,-0.03343759436746659,0.0011762795551688288
0.265,1.6878910000000003,-0.03348574114333438,0.0011793200537220075
0.27,1.7197380000000002,-0.0334356438611812,0.0011823347241200523
0.275,1.7515850000000004,-0.03329689790071794,0.0011852639042396838
0.28,1.7834320000000004,-0.033081260442876924,0.0011880336491331008
0.28500000000000003,1.8152790000000005,-0.03280289107586235,0.0011905774373485983
0.29,1.847126,-0.03247843720828173,0.0011928299324413512
0.295,1.878973,-0.03212656716024688,0.001194716098826834
0.3,1.9108200000000002,-0.03176692094727403,0.0011961903827831326
0.305,1.9426670000000001,-0.031418777679539156,0.0011972429876477507
0.31,1.974514,-0.0310997961367262,0.0011978221329087629
0.315,2.006361,-0.030825055994238976,0.0011978523320750301
0.32,2.0382080000000005,-0.030606415743534864,0.001197345234285071
0.325,2.0700550000000004,-0.030452138842095345,0.0011962927153094229
0.33,2.1019020000000004,-0.030366950585095885,0.0011945294167826203
0.335,2.1337490000000003,-0.030352636111991703,0.0011920153782187324
0.34,2.1655960000000003,-0.03040876892145956,0.0011889482143799825
0.34500000000000003,2.1974430000000003,-0.030533098420043682,0.00118522049306916
0.35000000000000003,2.2292900000000007,-0.03072168089264647,0.0011805294280561268
0.355,2.261137,-0.030968940427105275,0.0011752637730256805
0.36,2.292984,-0.031267606156239455,0.0011697303814676586
0.365,2.324831,-0.03160860722321736,0.001163295699116089
0.37,2.3566780000000005,-0.03198089365515159,0.0011559700665366554
0.375,2.388525,-0.032371329997710724,0.0011486637261565364
0.38,2.4203720000000004,-0.03276542375809281,0.0011411406282865885
0.385,2.452219,-0.033149111736560946,0.0011324425166206013
0.39,2.4840660000000003,-0.03351032375867803,0.001123218005494598
0.395,2.5159130000000007,-0.033839094041345774,0.0011143502795854371
0.4,2.5477600000000002,-0.03412589846032167,0.0011049753440891999
0.405,2.5796070000000006,-0.034362411763284015,0.0010948064765951766
0.41000000000000003,2.6114540000000006,-0.03454290614895983,0.0010845604595862586
0.41500000000000004,2.6433010000000006,-0.03466515133488338,0.001074340966319086
0.42,2.675148,-0.0347304000257758,0.0010636572927983277
0.425,2.7069950000000005,-0.03474101322774607,0.0010526854548145899
0.43,2.738842,-0.03469891333148378,0.0010415867728837652
0.435,2.7706890000000004,-0.03460631433653254,0.0010302512942769813
0.44,2.802536,-0.03446683717144751,0.00101856740538235
0.445,2.8343830000000003,-0.034284927980237946,0.0010065257858437125
0.45,2.8662300000000007,-0.034068089719426806,9.941368647762984E-4
0.455,2.8980770000000002,-0.03382560232782433,9.81365231197543E-4
0.46,2.9299240000000006,-0.03356728875930476,9.681395230487734E-4
0.465,2.961771,-0.033302668139580396,9.544057137260563E-4
0.47000000000000003,2.9936180000000006,-0.033040800517608056,9.401334003887671E-4
0.47500000000000003,3.0254650000000005,-0.032790312830578684,9.253115808044939E-4
0.48,3.0573120000000005,-0.0325593949916456,9.099516151176785E-4
0.485,3.089159,-0.03235503236934811,8.940614482440771E-4
0.49,3.1210060000000004,-0.03218175027133157,8.775761825880304E-4
0.495,3.1528530000000003,-0.03204120030432739,8.603748714584858E-4
0.5,3.1847000000000003,-0.03193328838334081,8.424266208728728E-4
0.505,3.2165470000000007,-0.03185839920880081,8.237928222513581E-4
0.51,3.2483940000000002,-0.03181663810457265,8.045141472961466E-4
0.515,3.2802410000000006,-0.031806548588207126,7.84582004993833E-4
0.52,3.312088,-0.031824632315644294,7.639778514935062E-4
0.525,3.3439350000000005,-0.03186543330924364,7.427019363275658E-4
0.53,3.3757820000000005,-0.031925565942857656,7.20781925641362E-4
0.535,3.4076290000000005,-0.03200115922326924,6.982588429762931E-4
0.54,3.4394760000000004,-0.03208684868700036,6.751712330791577E-4
0.545,3.471323000000001,-0.03217693583605624,6.515402621248913E-4
0.55,3.503170000000001,-0.03226306418662115,6.273817501550814E-4
0.555,3.5350170000000007,-0.03233691336431913,6.027023600204033E-4
0.56,3.5668640000000007,-0.03239219234602967,5.775062685161879E-4
0.5650000000000001,3.5987110000000007,-0.03242513967275714,5.51802861305425E-4
0.5700000000000001,3.630558000000001,-0.032433353391878965,5.256117096994837E-4
0.5750000000000001,3.6624050000000006,-0.03241469317445526,4.989642151384134E-4
0.58,3.694252,-0.03236626975489822,4.7188771983400066E-4
0.585,3.726099,-0.03228603269280879,4.4439245842732203E-4
0.59,3.757946,-0.03217449729830867,4.164804346626656E-4
0.595,3.7897930000000004,-0.03203460869875659,3.881542312376625E-4
0.6,3.8216400000000004,-0.03186981491488218,3.59410589904048E-4
0.605,3.8534870000000003,-0.03168222836143149,3.3022116652832727E-4
0.61,3.8853340000000003,-0.03147300561302953,3.0051685949708025E-4
0.615,3.9171810000000007,-0.031243973923696555,2.7025932887721064E-4
0.62,3.949028,-0.030999129164983662,2.3944412541962285E-4
0.625,3.9808750000000006,-0.03074374939422103,2.0808348617017288E-4
0.63,4.012722,-0.030482342445032597,1.761777414979659E-4
0.635,4.044569,-0.030220359078899,1.4369981512652027E-4
0.64,4.076416000000001,-0.029962581577700587,1.1059424357005324E-4
0.645,4.108263000000001,-0.0297130015094901,7.681195499630005E-5
0.65,4.140110000000001,-0.02947504906757553,4.234752849022452E-5
0.655,4.171957000000001,-0.029251809181239465,7.241663492156009E-6
0.66,4.203804000000001,-0.029043948897912765,-2.8496727571858192E-5
0.665,4.235651000000001,-0.028851509298430604,-6.490276017152337E-5
0.67,4.267498000000001,-0.028674193450913155,-1.020267636426341E-4
0.675,4.299345000000001,-0.028511713151069575,-1.3989771794842127E-4
0.68,4.331192000000001,-0.028363626267608504,-1.785213594104202E-4
0.685,4.3630390000000006,-0.028229096805134503,-2.1786699318528818E-4
0.6900000000000001,4.3948860000000005,-0.02810648828268955,-2.5789215508142905E-4
0.6950000000000001,4.426733000000001,-0.027993275808641693,-2.985731474254656E-4
0.7000000000000001,4.458580000000001,-0.027886512736932878,-3.3990898308950394E-4
0.705,4.4904269999999995,-0.027783352943755002,-3.8190929357135174E-4
0.71,4.522274,-0.02768153831830942,-4.245654524568396E-4
0.715,4.554121,-0.027578878878830003,-4.678466591843869E-4
0.72,4.585968,-0.027472018511713735,-5.117316993607192E-4
0.725,4.617815,-0.027355919825117293,-5.562369656990644E-4
0.73,4.649662,-0.02722544561962445,-6.013747265639154E-4
0.735,4.681509,-0.027079636908176753,-6.471206983257385E-4
0.74,4.713356000000001,-0.026918659752905028,-6.934488327827447E-4
0.745,4.745203000000001,-0.026742920496460588,-7.403522101261972E-4
0.75,4.77705,-0.02655245753329234,-7.878395028009808E-4
0.755,4.808897000000001,-0.026346914863018468,-8.35924603554356E-4
0.76,4.840744000000001,-0.026125871347851347,-8.846089257702665E-4
0.765,4.872591000000001,-0.025889590735607444,-9.33874644157061E-4
0.77,4.904438,-0.025639397348359905,-9.837032463736262E-4
0.775,4.936285000000001,-0.025377257629041406,-0.0010341008015406824
0.78,4.968132000000001,-0.025105238901690273,-0.0010851174180210202
0.785,4.999979000000001,-0.024824799183475507,-0.0011368251308369588
0.79,5.0318260000000015,-0.02453733350050997,-0.0011892542213355378
0.795,5.0636730000000005,-0.024244908782790363,-0.0012423834378146434
0.8,5.0955200000000005,-0.02395090855411423,-0.0012961634894098197
0.805,5.127367000000001,-0.023657633101121404,-0.0013505939662855537
0.81,5.159214000000001,-0.023367079859234686,-0.0014057074109082874
0.8150000000000001,5.191061,-0.0230809688080086,-0.0014615446411599775
0.8200000000000001,5.222908000000001,-0.022800565144843347,-0.0015181296107475357
0.8250000000000001,5.254755000000001,-0.022527249122664572,-0.0015754725672330466
0.8300000000000001,5.286602000000001,-0.0222617644310134,-0.0016335619278859046
0.835,5.318449,-0.022003846525419018,-0.0016923816931489046
0.84,5.350296,-0.02175241281747613,-0.001751932734210089
0.845,5.382143,-0.02150629435724944,-0.001812236754529864
0.85,5.413990000000001,-0.021264976980474054,-0.0018733191336158745
0.855,5.445837000000001,-0.021028653408850833,-0.001935186564426746
0.86,5.477684,-0.020797429791973153,-0.001997819559434819
0.865,5.509531000000001,-0.020570351867872826,-0.0020611860341363795
0.87,5.541378000000001,-0.020344656549450477,-0.0021252592145888784
0.875,5.573225000000001,-0.02011813667626486,-0.0021900396808998968
0.88,5.605072,-0.019889242605893965,-0.0022555298065419596
0.885,5.636919000000001,-0.019656985865443493,-0.002321731502457021
0.89,5.668766000000001,-0.019418193410819413,-0.0023886661388818897
0.895,5.700613000000001,-0.01917253322280523,-0.002456270173152165
0.9,5.732460000000001,-0.018918826921089753,-0.002524602156206511
0.905,5.7643070000000005,-0.018659074491127893,-0.002593622389153253
0.91,5.7961540000000005,-0.01839135036301957,-0.0026634181585761443
0.915,5.828001000000001,-0.01811520889186504,-0.0027338983633020736
0.92,5.859848000000001,-0.01783068812118696,-0.0028050501948470434
0.925,5.891695,-0.017538111561632243,-0.0028769082305760323
0.93,5.923542,-0.017237873624429065,-0.0029494834937247912
0.935,5.955389000000001,-0.01693052586593103,-0.0030227708493377192
0.9400000000000001,5.987236000000001,-0.016616641442704586,-0.0030967724102315877
0.9450000000000001,6.019083000000001,-0.01629683023705903,-0.0031715033979697557
0.9500000000000001,6.050930000000001,-0.015971810128988333,-0.003246971817063456
0.9550000000000001,6.082777000000001,-0.015642456804169647,-0.003323179798206874
0.96,6.114624000000001,-0.01530981182947502,-0.0034001403707540723
0.965,6.146471000000001,-0.014975039531894658,-0.0034778727662378092
0.97,6.178318,-0.014639334054657779,-0.0035563862408201055
0.975,6.210165,-0.01430380415898315,-0.003635680286814915
0.98,6.242012000000001,-0.01396937774777865,-0.0037157541229503785
0.985,6.273859000000001,-0.013636760619860655,-0.0037966087950669124
0.99,6.305706000000001,-0.013306454285238028,-0.0038782471764261233
0.995,6.337553000000001,-0.012978816307868823,-0.003960677117904905
1,6.369400000000001,-0.01265403609900032,-0.004043912972256127
1.0050000000000001,6.4012470000000015,-0.012332110472843386,-0.004127966093492343
1.01,6.433094000000001,-0.012012771619781563,-0.0042128360016729875
1.0150000000000001,6.464941000000001,-0.011695461252062628,-0.004298516357525289
1.02,6.4967880000000005,-0.01137947580605339,-0.00438500402773646
1.025,6.528635,-0.011064253377754654,-0.004472296907288364
1.03,6.560482000000001,-0.010749595571393749,-0.0045603922250217095
1.035,6.592328999999999,-0.010435289361534452,-0.004649290819984176
1.04,6.624176,-0.010120833983021613,-0.0047389925030883965
1.045,6.656023,-0.009805369811026612,-0.00482949290875351
1.05,6.687870000000001,-0.00948789141171039,-0.004920786750444482
1.055,6.719717000000001,-0.009167483007971185,-0.0050128701809397025
1.06,6.751564000000001,-0.008843452321560735,-0.0051057421964154385
1.065,6.783411,-0.008515332675768468,-0.005199405331384154
1.07,6.815258000000001,-0.0081828105755642,-0.005293864354105391
1.075,6.847105000000001,-0.007845658718044527,-0.0053891231836053115
1.08,6.878952000000001,-0.0075037186197734595,-0.0054851823413937005
1.085,6.910799,-0.007156925956751445,-0.00558203895489921
1.09,6.942646000000002,-0.0068053434342290305,-0.005679689279129508
1.095,6.974493000000001,-0.006449170067251599,-0.00577813194558546
1.1,7.006340000000002,-0.006088717807324226,-0.0058773698502274105
1.105,7.038187000000001,-0.005724367180667126,-0.005977409697894639
1.11,7.0700340000000015,-0.005356522607356638,-0.006078259818676008
1.115,7.1018810000000006,-0.004985585252535769,-0.006179927830449979
1.12,7.133728000000001,-0.004611951184068766,-0.006282419488745611
1.125,7.1655750000000005,-0.004236030103367943,-0.006385739016078349
1.1300000000000001,7.197422000000001,-0.0038582695272029134,-0.006489890209081968
1.135,7.229269,-0.0034791655844461492,-0.006594877321814347
1.1400000000000001,7.261116000000002,-0.003099247301694441,-0.006700705146326729
1.145,7.292963000000001,-0.002719034493321312,-0.0068073784094931245
1.1500000000000001,7.324810000000001,-0.002338983282070624,-0.006914901058051847
1.155,7.356657000000001,-0.0019594398067560607,-0.007023275972171957
1.16,7.388504,-0.001580618043887147,-0.007132505262885084
1.165,7.420351000000001,-0.0012026051128875407,-0.0072425908956632225
1.17,7.452198,-8.25384908358047E-4,-0.007353535202911397
1.175,7.484045000000001,-4.488655400125358E-4,-0.007465340960036556
1.18,7.515892,-7.289960048269262E-5,-0.007578010983423889
1.185,7.547739000000002,3.02705323396156E-4,-0.007691547480181063
1.19,7.579586000000001,6.781814885993192E-4,-0.007805951498802309
1.195,7.611433000000001,0.0010537951674107842,-0.007921222758076718
1.2,7.643280000000001,0.0014298374387785695,-0.008037359929701152
1.205,7.675127000000002,0.0018066134077411853,-0.008154361233329063
1.21,7.706974000000001,0.0021844336601787016,-0.008272225078194417
1.215,7.738821000000001,0.002563610030565698,-0.008390950502747572
1.22,7.770668000000001,0.0029444540145398615,-0.008510537296841635
1.225,7.802515000000001,0.0033272733788202906,-0.008630985856958364
1.23,7.834362000000001,0.0037123627613996095,-0.008752296932532948
1.235,7.866209000000002,0.004099987208873873,-0.008874471423768971
1.24,7.898056,0.004490361727579717,-0.008997510308711477
1.245,7.929903000000001,0.0048836326490373835,-0.009121414676271731
1.25,7.961750000000001,0.005279866526454817,-0.009246185787405051
1.2550000000000001,7.993597000000002,0.0056790496085711755,-0.009371825101896708
1.26,8.025444,0.00608109717931888,-0.009498334266299637
1.2650000000000001,8.057291000000001,0.006485869028980065,-0.00962571510783038
1.27,8.089138,0.006893186226759915,-0.009753969681760073
1.2750000000000001,8.120985000000001,0.007302845292131962,-0.009883100376519148
1.28,8.152832000000002,0.007714627977011943,-0.010013110025530302
1.285,8.184679000000001,0.008128306997413577,-0.010144001948397464
1.29,8.216526000000002,0.008543649318030394,-0.010275779866024553
1.295,8.248372999999999,0.008960418774750251,-0.01040844769186308
1.3,8.280220000000002,0.009378379280559384,-0.010542009260849819
1.305,8.312067,0.009797299177080557,-0.010676468085860443
1.31,8.343914000000002,0.01021695686103007,-0.010811827215893716
1.315,8.375761,0.010637147656303806,-0.010948089222734542
1.32,8.407608000000002,0.01105769177489166,-0.01108525629033084
1.325,8.439455,0.011478442876236575,-0.011223330348585825
1.33,8.471302000000001,0.011899296196288545,-0.011362313191413016
1.335,8.503149000000002,0.012320194744197354,-0.01150220654154465
1.34,8.534996000000001,0.012741132015138688,-0.011643012055444138
1.345,8.566843,0.013162150234454415,-0.011784731285001506
1.35,8.598690000000001,0.013583334201953928,-0.011927365621130831
1.355,8.630537,0.01400480193992051,-0.012070916240418315
1.36,8.662384000000001,0.014426694092379988,-0.012215384067544244
1.365,8.694231000000002,0.014849164083158279,-0.012360769760326316
1.37,8.726078000000001,0.015272370437220035,-0.01250707372275519
1.375,8.757925000000002,0.015696471703019136,-0.012654296151240555
1.3800000000000001,8.789772000000001,0.016121623491393542,-0.012802437115822548
1.385,8.821619,0.01654797659083706,-0.01295149666953536
1.3900000000000001,8.853466000000003,0.016975675045832896,-0.013101474968158718
1.395,8.885313,0.01740485340500729,-0.01325237237512309
1.4000000000000001,8.917160000000003,0.017835632856246002,-0.013404189527460234
1.405,8.949007000000002,0.018268116464968558,-0.0135569273494999
1.41,8.980853999999999,0.01870238409353487,-0.013710587017535919
1.415,9.012701000000002,0.01913848776446233,-0.01386516989394974
1.42,9.044548,0.01957644824911265,-0.01402067745693024
1.425,9.076395,0.020016253538725284,-0.01417711124938792
1.43,9.108242,0.02045785960272816,-0.014334472859972113
1.435,9.140089000000001,0.02090119348484652,-0.014492763935456197
1.44,9.171936,0.021346158386008212,-0.014651986212689564
1.445,9.203783000000001,0.021792640026599357,-0.014812141553225676
1.45,9.23563,0.02224051337471534,-0.014973231964973134
1.455,9.267477000000001,0.02268964884654175,-0.015135259600762013
1.46,9.299324,0.02313991733433084,-0.015298226730745582
1.465,9.331171000000003,0.02359119381935981,-0.015462135691895862
1.47,9.363018,0.02404335974864779,-0.015626988822413618
1.475,9.394865000000001,0.0244963046580334,-0.01579278839154945
1.48,9.426712000000002,0.024949927622109614,-0.015959536536114982
1.485,9.458559000000001,0.025404138993560532,-0.01612723521383336
1.49,9.490406000000002,0.025858862624790903,-0.01629588618043956
1.495,9.522253000000001,0.02631403844918186,-0.016465490992417373
1.5,9.5541,0.02676962504277707,-0.016636051031428737
1.5050000000000001,9.585947000000003,0.02722560165993305,-0.016807567541481015
1.51,9.617794000000002,0.027681969259681555,-0.01698004166740752
1.5150000000000001,9.649641,0.02813875019073895,-0.017153474484232482
1.52,9.681488000000002,0.02859598643223682,-0.017327867011207945
1.5250000000000001,9.713335,0.02905373653490274,-0.017503220210262033
1.53,9.745182000000002,0.029512071618268614,-0.017679534974197372
1.5350000000000001,9.777029000000002,0.029971070910857434,-0.01785681211337533
1.54,9.808876,0.030430817347711792,-0.018035052349884163
1.545,9.840723,0.030891393660796868,-0.01821425632553586
1.55,9.872570000000001,0.03135287923458359,-0.018394424625623212
1.555,9.904417000000002,0.031815347794496796,-0.01857555781576064
1.56,9.936264000000001,0.03227886580443996,-0.018757656485625076
1.565,9.968111,0.03274349132240661,-0.0189407212918179
1.57,9.999958000000001,0.033209273032141204,-0.019124752992497662
1.575,10.031805,0.03367624923618625,-0.01930975246855077
1.58,10.063652000000003,0.034144446733363934,-0.01949572072915714
1.585,10.095499,0.03461387966331622,-0.019682658902918093
1.59,10.127346000000001,0.03508454852971048,-0.019870568218543057
1.595,10.159193000000002,0.035556439672527876,-0.020059449980761337
1.6,10.191040000000001,0.036029525433082236,-0.020249305547370228
1.605,10.222887,0.03650376515413586,-0.020440136312053526
1.61,10.254734000000003,0.03697910701312329,-0.020631943695204276
1.615,10.286581,0.03745549053955566,-0.020824729142132247
1.62,10.318428000000003,0.03793284955557148,-0.021018494125542977
1.625,10.350275000000002,0.03841111522624252,-0.021213240147794483
1.6300000000000001,10.382122,0.03889021892137936,-0.021408968738531087
1.635,10.413969000000002,0.03937009466385972,-0.021605681444781127
1.6400000000000001,10.445816000000002,0.039850681048529735,-0.02180337981298948
1.645,10.477663000000002,0.040331922631325415,-0.02200206536495576
1.6500000000000001,10.509510000000002,0.04081377088191443,-0.02220173957154562
1.655,10.541357000000001,0.041296184843807544,-0.022402403828794968
1.6600000000000001,10.573204000000002,0.0417791316448699,-0.02260405944053072
1.665,10.605051000000001,0.04226258695408292,-0.022806707610114947
1.67,10.636898,0.042746535405194235,-0.02301034944185261
1.675,10.668745000000001,0.04323097092959438,-0.023214985950585562
1.68,10.700592,0.04371589688414822,-0.023420618076510087
1.685,10.732439000000003,0.044201325842232506,-0.023627246701646155
1.69,10.764286,0.04468727894317436,-0.023834872664686927
1.695,10.796133000000001,0.0451737847587528,-0.024043496772045803
1.7,10.827980000000002,0.04566087771737566,-0.024253119804422078
1.705,10.859827000000001,0.04614859620445495,-0.024463742519742347
1.71,10.891674000000002,0.046636980511150165,-0.024675365654431975
1.715,10.923521000000001,0.04712607082054386,-0.024887989925445664
1.72,10.955368,0.047615905398428506,-0.025101616035130486
1.725,10.987215000000003,0.048106519103484666,-0.025316244680043867
1.73,11.019062000000002,0.04859794226397557,-0.025531876563530797
1.735,11.050909000000003,0.04909019990299478,-0.025748512410592717
1.74,11.082756000000002,0.04958331124721969,-0.02596615298273491
1.745,11.114603,0.05007728943435639,-0.026184799090236167
1.75,11.146450000000002,0.05057214134338519,-0.02640445159975382
1.7550000000000001,11.178297000000002,0.05106786750292367,-0.02662511143614641
1.76,11.210144,0.05156446207466466,-0.026846779578613797
1.7650000000000001,11.241991000000002,0.052061912947072145,-0.027069457052365346
1.77,11.273838000000001,0.0525602019973286,-0.027293144917755
1.7750000000000001,11.305685000000002,0.05305930557993862,-0.027517844259018067
1.78,11.337532000000001,0.0535591952781002,-0.02774355617439536
1.7850000000000001,11.369379000000002,0.05405983891514847,-0.02797028176867658
1.79,11.401226000000001,0.05456120177872399,-0.02819802214830286
1.795,11.433073,0.05506324797177794,-0.02842677841833186
1.8,11.464920000000003,0.0555659417820711,-0.028656551680072768
1.805,11.496767,0.05606924896069813,-0.028887343028109223
1.81,11.528614000000001,0.05657313781980463,-0.02911915354574264
1.815,11.560461000000002,0.05707758009411914,-0.02935198429851759
1.82,11.592308000000001,0.057582551550924996,-0.029585836326216558
1.825,11.624155,0.058088032368658074,-0.029820710634343814
1.83,11.656002000000003,0.05859400732756581,-0.030056608186451412
1.835,11.687849,0.05910046586285619,-0.030293529898657086
1.84,11.719696000000003,0.05960740202226196,-0.03053147663732706
1.845,11.751543000000002,0.060114814350844106,-0.030770449220288855
1.85,11.78339,0.0606227057034044,-0.031010448421261397
1.855,11.815237000000002,0.06113108296669836,-0.03125147497660557
1.86,11.847084,0.06163995666552592,-0.03149352959318688
1.865,11.878931000000001,0.062149340431218426,-0.03173661295612572
1.87,11.910778000000002,0.0626592503268579,-0.03198072573549312
1.875,11.942625000000001,0.06316970404628885,-0.03222586859147668
1.8800000000000001,11.974472000000002,0.06368072002739932,-0.032472042178070565
1.885,12.006319000000001,0.06419231653790496,-0.032719247145751744
1.8900000000000001,12.038166000000002,0.0647045107993917,-0.03296748414383823
1.895,12.070013000000001,0.06521731821082942,-0.03321675382318488
1.9000000000000001,12.101860000000002,0.06573075171760132,-0.03346705683964861
1.905,12.133707000000001,0.06624482135024026,-0.033718393858339385
1.9100000000000001,12.165554000000002,0.06675953393404918,-0.033970765558333844
1.915,12.197401000000001,0.06727489295182394,-0.03422417263717745
1.92,12.229248000000002,0.06779089853084846,-0.03447861581442299
1.925,12.261095000000001,0.06830754752354276,-0.034734095833528884
1.93,12.292942000000002,0.0688248336574202,-0.03499061346170248
1.935,12.324789,0.06934274774111383,-0.03524816948765757
1.94,12.356636,0.06986127792492783,-0.03550676471761837
1.945,12.388483000000003,0.07038041002261194,-0.03576639997019037
1.95,12.42033,0.07090012790323838,-0.03602707607083556
1.955,12.452177000000002,0.07142041395743091,-0.03628879384663418
1.96,12.484024000000002,0.07194124963215473,-0.03655155412182688
1.965,12.515871,0.07246261601567369,-0.03681535771433099
1.97,12.547718000000001,0.07298449444270347,-0.03708020543314328
1.975,12.579565000000002,0.07350686708247416,-0.037346098076332344
1.98,12.611412000000001,0.07402971747134485,-0.037613036429238716
1.985,12.643259000000002,0.07455303095716294,-0.03788102126256257
1.99,12.675106000000001,0.07507679503335403,-0.038150053330162956
1.995,12.706953000000002,0.07560099955418118,-0.03842013336662691
2,12.738800000000001,0.07612563683564876,-0.03869126208486666
2.005,12.770647,0.07665070165639416,-0.03896344017412361
2.0100000000000002,12.802494000000003,0.07717619117792933,-0.039236668298791494
2.015,12.834341000000002,0.07770210480345238,-0.039510947098368075
2.02,12.866188000000003,0.07822844399024123,-0.03978627718867913
2.025,12.898035,0.07875521202438351,-0.04006265916427498
2.0300000000000002,12.929882000000003,0.07928241376067723,-0.04034009360174625
2.035,12.961729000000002,0.0798100553269798,-0.04061858106352725
2.04,12.993576000000001,0.08033814379220391,-0.04089812210175909
2.045,13.025423000000002,0.08086668680060924,-0.04117871726183704
2.05,13.05727,0.08139569218088372,-0.041460367085378404
2.055,13.089117000000002,0.0819251659172707,-0.041743072116618235
2.06,13.120964000000003,0.08245511578532402,-0.04202683291211124
2.065,13.152811000000002,0.08298554899514463,-0.04231164998769491
2.07,13.184657999999999,0.08351647095495165,-0.04259752388411882
2.075,13.216505000000003,0.0840478851763847,-0.04288445515567624
2.08,13.248352,0.08457979340201487,-0.04317244435809572
2.085,13.280199000000001,0.08511219549797523,-0.043461492049187964
2.09,13.312046,0.08564508946221126,-0.04375159879362291
2.095,13.343893000000001,0.08617847158791835,-0.044042765171547336
2.1,13.375740000000002,0.08671233659419961,-0.044334991774472095
2.105,13.407587000000001,0.08724667776883588,-0.04462827919603304
2.11,13.439434000000002,0.08778148717974694,-0.04492262803694174
2.115,13.471281000000003,0.08831675588994468,-0.045218038909187776
2.12,13.503128000000002,0.08885247415834294,-0.04551451242560095
2.125,13.534975000000001,0.089388631668692,-0.04581204919222776
2.13,13.566822,0.08992521779425657,-0.04611064981174021
2.1350000000000002,13.598669000000005,0.09046222188113404,-0.04641031488312713
2.14,13.630516000000002,0.0909996335448566,-0.04671104499480458
2.145,13.662363000000001,0.09153744297169886,-0.04701284072286808
2.15,13.694210000000002,0.09207564119899994,-0.04731570263470051
2.1550000000000002,13.726057000000003,0.09261422034647038,-0.04761963128896874
2.16,13.757904000000002,0.09315317378203383,-0.047924627232269625
2.165,13.789751000000003,0.09369249621498382,-0.04823069099837833
2.17,13.821598,0.09423218371419774,-0.04853782310921759
2.1750000000000003,13.853445000000004,0.09477223365805529,-0.048846024073355115
2.18,13.885292000000003,0.09531264463425329,-0.04915529438335898
2.185,13.917139,0.09585341631215148,-0.049465634515737475
2.19,13.948986000000001,0.09639454930537567,-0.049777044932902866
2.195,13.980833,0.09693604503405498,-0.05008952608466932
2.2,14.012680000000003,0.09747790558793687,-0.05040307840975144
2.205,14.044527000000002,0.09802013358416031,-0.05071770233871966
2.21,14.076374000000001,0.09856273200941518,-0.05103339829734868
2.215,14.108221,0.09910570403849092,-0.051350166708605975
2.22,14.140068000000003,0.09964905282843142,-0.05166800799368295
2.225,14.171915000000002,0.10019278129610172,-0.05198692257307531
2.23,14.203762000000001,0.10073689189494368,-0.05230691086724864
2.235,14.235609,0.10128138641265454,-0.052627973296329005
2.24,14.267456000000003,0.1018262658124244,-0.052950110279624645
2.245,14.299303000000002,0.10237153013394104,-0.053273322235981496
2.25,14.331150000000001,0.10291717845866502,-0.053597609584815145
2.255,14.362997000000002,0.10346320893213815,-0.053922972747260385
2.2600000000000002,14.394844000000003,0.10400961882867424,-0.05424941214735399
2.265,14.426691000000003,0.10455640464159881,-0.05457692821305547
2.27,14.458538,0.10510356218405419,-0.054905521376456955
2.275,14.490385,0.10565108668953485,-0.05523519207286768
2.2800000000000002,14.522232000000004,0.1061989729065349,-0.05556594073910628
2.285,14.554079000000002,0.10674721518764077,-0.0558977678114372
2.29,14.585926000000002,0.10729580757980248,-0.05623067372331589
2.295,14.617773000000001,0.1078447439272187,-0.05656465890321621
2.3000000000000003,14.649620000000002,0.10839401799781674,-0.05689972377305851
2.305,14.681467000000003,0.10894362363687533,-0.05723586874756736
2.31,14.713314000000002,0.10949355493927193,-0.05757309423432585
2.315,14.745161,0.11004380642094891,-0.05791140063408638
2.32,14.777008,0.11059437316590319,-0.05825078834103775
2.325,14.808855000000003,0.11114525092910481,-0.0585912577428493
2.33,14.840702000000002,0.1116964361858753,-0.05893280922037829
2.335,14.872549000000001,0.11224792612968275,-0.059275443147036026
2.34,14.904396,0.11279971862897895,-0.059619159887886804
2.345,14.936243000000003,0.11335181215806486,-0.05996395979858871
2.35,14.968090000000002,0.11390420571751407,-0.06030984322442139
2.355,14.999937000000003,0.11445689875725687,-0.0606568104999399
2.36,15.031784,0.11500989111027111,-0.06100486194974672
2.365,15.063631000000003,0.11556318293753436,-0.06135399789037511
2.37,15.095478000000004,0.11611677467752561,-0.06170421863270859
2.375,15.127325,0.11667066698920872,-0.06205552448413718
2.38,15.159172000000002,0.11722486067807758,-0.0624079157499406
2.3850000000000002,15.191019000000002,0.11777935659994128,-0.0627613927338264
2.39,15.222866000000002,0.1183341555441501,-0.06311595573791037
2.395,15.254713000000002,0.11888925810450116,-0.06347160506245013
2.4,15.286560000000001,0.11944466455134932,-0.0638283410055218
2.4050000000000002,15.318407000000002,0.12000037472228882,-0.0641861638627267
2.41,15.350254000000003,0.12055638794960488,-0.06454507392706581
2.415,15.382101000000002,0.12111270303754498,-0.06490507148918745
2.42,15.413948000000001,0.12166931829018753,-0.06526615683813104
2.4250000000000003,15.445795000000004,0.12222623157536247,-0.06562833026245501
2.43,15.477642000000001,0.12278344039999192,-0.06599159205135639
2.435,15.509489000000002,0.12334094197421168,-0.06635594249532234
2.44,15.541336000000001,0.12389873325457208,-0.06672138188603981
2.445,15.573183000000002,0.12445681097166987,-0.06708791051552203
2.45,15.605030000000003,0.12501517165505097,-0.06745552867461335
2.455,15.636877000000002,0.1255738116656882,-0.0678242366511412
2.46,15.668724000000003,0.1261327272396568,-0.06819403472809854
2.465,15.700571,0.12669191454345724,-0.06856492318230852
2.47,15.732418000000004,0.1272513697431837,-0.06893690228394866
2.475,15.764265000000002,0.12781108909078534,-0.06930997229703549
2.48,15.796112,0.12837106902520792,-0.06968413348056819
2.485,15.827959000000002,0.1289313062752256,-0.0700593860896603
2.49,15.859806000000003,0.1294917979423601,-0.07043573037595037
2.495,15.891653000000002,0.13005254154416898,-0.07081316658705229
2.5,15.923500000000002,0.13061353501042847,-0.0711916949654048
2.505,15.955347000000002,0.13117477664000174,-0.07157131574720828
2.5100000000000002,15.987194000000004,0.13173626503617564,-0.07195202916187433
2.515,16.019041000000005,0.1322979990401259,-0.0723338354319017
2.52,16.050888,0.1328599776781936,-0.07271673477281934
2.525,16.082735,0.13342220013180903,-0.07310072739303802
2.5300000000000002,16.114582000000002,0.13398466573002052,-0.07348581349399416
2.535,16.146429,0.13454737395432217,-0.0738719932711852
2.54,16.178276,0.13511032443765347,-0.07425926691620154
2.545,16.210123000000003,0.13567351693986465,-0.0746476346190139
2.5500000000000003,16.241970000000002,0.13623695129267252,-0.075037096569335
2.555,16.273817000000005,0.1368006273224036,-0.07542765295638008
2.56,16.305664000000004,0.13736454476818286,-0.07581930396740628
2.565,16.337511,0.1379287032104814,-0.07621204978612936
2.57,16.369358000000002,0.1384931020146159,-0.07660589059193539
2.575,16.401205,0.13905774028705864,-0.0770008265600511
2.58,16.433052000000004,0.13962261684610047,-0.0773968578622823
2.585,16.464899000000003,0.14018773021738554,-0.07779398466788852
2.59,16.496745999999998,0.14075307866631231,-0.0781922071444887
2.595,16.528593000000004,0.14131866026568454,-0.07859152545899582
2.6,16.560440000000003,0.14188447297555568,-0.07899193977830986
2.605,16.592287,0.14245051470061765,-0.0793934502693016
2.61,16.624134,0.1430167833014975,-0.07979605709793221
2.615,16.655981000000004,0.14358327656506895,-0.0801997604279454
2.62,16.687828000000003,0.14414999216516036,-0.08060456041984754
2.625,16.719675000000002,0.14471692764971844,-0.08101045723041471
2.63,16.751522,0.14528408047146968,-0.08141745101228012
2.6350000000000002,16.783369000000004,0.14585144805254996,-0.08182554191308009
2.64,16.815216000000003,0.14641902785920977,-0.08223473007442181
2.645,16.847063000000002,0.14698681746721295,-0.08264501563171181
2.65,16.87891,0.147554814612145,-0.08305639871562573
2.6550000000000002,16.910757,0.14812301722701676,-0.08346887945463859
2.66,16.942604000000003,0.14869142346731623,-0.08388245797682843
2.665,16.974451000000002,0.14926003171808128,-0.08429713440937042
2.67,17.006298000000005,0.14982884057801843,-0.08471290887577757
2.6750000000000003,17.038145000000004,0.15039784882306834,-0.08512978149275448
2.68,17.069992000000003,0.15096705535901184,-0.08554775236880716
2.685,17.101839000000005,0.1515364591741992,-0.08596682160532308
2.69,17.133686,0.15210605930151053,-0.08638698929891434
2.695,17.165533,0.15267585479844792,-0.08680825554308393
2.7,17.197380000000003,0.1532458447544275,-0.08723062042832128
2.705,17.229227,0.15381602832652214,-0.08765408404137326
2.71,17.261074,0.15438640478559046,-0.08807864646513901
2.715,17.292921000000003,0.15495697353611804,-0.08850430777980617
2.72,17.324768000000002,0.15552773407636306,-0.08893106806444372
2.725,17.356615,0.15609868589856352,-0.08935892739770446
2.73,17.388462000000004,0.15666982837205468,-0.08978788585697293
2.735,17.420309000000003,0.15724116066920577,-0.09021794351651498
2.74,17.452156000000002,0.1578126817660901,-0.09064910044586118
2.745,17.484003,0.1583843904964863,-0.09108135670927334
2.75,17.515850000000004,0.15895628560412942,-0.09151471236631767
2.755,17.547697,0.15952836575336496,-0.09194916747312361
2.7600000000000002,17.579544000000002,0.16010062950739518,-0.09238472208402328
2.765,17.611391000000005,0.16067307531929467,-0.09282137625335893
2.77,17.643238,0.1612457015694361,-0.09325913003678117
2.775,17.675085000000003,0.16181850663518646,-0.0936979834909711
2.7800000000000002,17.706932000000005,0.16239148894094615,-0.09413793667122328
2.785,17.738779,0.16296464694567336,-0.09457898962790946
2.79,17.770626,0.16353797907400786,-0.09502114240414557
2.795,17.802473000000003,0.16411148364303432,-0.09546439503651932
2.8000000000000003,17.834320000000005,0.16468515884155382,-0.09590874755834222
2.805,17.866167,0.16525900278224762,-0.09635420000251403
2.81,17.898014000000003,0.16583301360190744,-0.09680075240120461
2.815,17.929861000000002,0.1664071895633161,-0.09724840478249894
2.82,17.961707999999998,0.16698152912047165,-0.09769715716730822
2.825,17.993555000000004,0.1675560309304894,-0.0981470095700488
2.83,18.025402000000003,0.16813069381510057,-0.09859796200313538
2.835,18.057249,0.16870551669006315,-0.09905001448137107
2.84,18.089096,0.16928049849435095,-0.09950316702182586
2.845,18.120943000000004,0.16985563815529098,-0.0999574196385482
2.85,18.15279,0.17043093460782469,-0.10041277233616093
2.855,18.184637000000002,0.17100638684764655,-0.10086922510759945
2.86,18.216484,0.17158199396687965,-0.10132677793776977
2.865,18.248331000000004,0.17215775513068127,-0.10178543080993283
2.87,18.280178000000003,0.17273366950613514,-0.10224518370983224
2.875,18.312025000000002,0.17330973620810824,-0.10270603662519846
2.88,18.343872,0.1738859543251299,-0.10316798954240114
2.8850000000000002,18.375719000000004,0.1744623230197657,-0.10363104244368981
2.89,18.407566000000003,0.175038841616761,-0.10409519530669023
2.895,18.439413000000002,0.17561550957746003,-0.10456044810520514
2.9,18.47126,0.1761923263392966,-0.10502680080975807
2.9050000000000002,18.503107000000004,0.17676929111562928,-0.10549425338777063
2.91,18.534954000000003,0.17734640280146988,-0.10596280580422998
2.915,18.566801000000005,0.17792366006130483,-0.1064324580227887
2.92,18.598648,0.1785010615368976,-0.10690321000573146
2.9250000000000003,18.630495000000003,0.1790786060213366,-0.10737506171175665
2.93,18.662342000000006,0.1796562924791416,-0.10784801309322671
2.935,18.694189,0.1802341199205472,-0.10832206409647066
2.94,18.726036,0.18081208724948308,-0.1087972146667783
2.945,18.757883000000003,0.1813901932081749,-0.1092734647547739
2.95,18.789730000000002,0.18196843644542773,-0.10975081431783984
2.955,18.821577,0.1825468156329966,-0.11022926331331039
2.96,18.853424000000004,0.18312532953055677,-0.11070881168754267
2.965,18.885271,0.1837039769593049,-0.1111894593698969
2.97,18.917118000000002,0.1842827567213166,-0.11167120627765957
2.975,18.948965000000005,0.1848616675329462,-0.11215405232874703
2.98,18.980812000000004,0.18544070801920318,-0.11263799745174953
2.985,19.012659,0.18601987677814955,-0.11312304158464218
2.99,19.044506000000002,0.1865991724963157,-0.11360918466325148
2.995,19.076353000000005,0.18717859407255338,-0.11409642660963168
3,19.1082,0.1877581406825001,-0.11458476733048874
3.005,19.140047000000003,0.18833781171529157,-0.11507420672659145
3.0100000000000002,19.171894000000005,0.18891760657535725,-0.11556474470432568
3.015,19.203741,0.1894975244505152,-0.11605638117901691
3.02,19.235588000000003,0.19007756421541927,-0.11654911606749487
3.025,19.267435000000003,0.19065772457594754,-0.11704294927693157
3.0300000000000002,19.299282,0.19123800437877833,-0.117537880699551
3.035,19.331129,0.1918184028529783,-0.11803391021681058
3.04,19.362976000000003,0.19239891957389357,-0.11853103770852201
3.045,19.394823000000002,0.19297955415689932,-0.11902926305963926
3.0500000000000003,19.42667,0.1935603059259575,-0.11952858616124915
3.055,19.458517000000004,0.1941411738410605,-0.12002900690747036
3.06,19.490364000000003,0.19472215675361482,-0.12053052519124041
3.065,19.522211000000002,0.1953032537676493,-0.1210331408998616
3.0700000000000003,19.554058000000005,0.19588446437924248,-0.12153685391022624
3.075,19.585905000000004,0.1964657882511069,-0.12204166408610868
3.08,19.617752,0.19704722479658296,-0.12254757128188491
3.085,19.649599000000002,0.1976287729176974,-0.12305457535354132
3.09,19.681446,0.19821043111739414,-0.12356267616994417
3.095,19.713293,0.19879219790052066,-0.1240718736134549
3.1,19.745140000000003,0.1993740721560444,-0.124582167565883
3.105,19.776987000000002,0.19995605324848575,-0.12509355788970164
3.11,19.808834000000004,0.2005381407833055,-0.12560604442195814
3.115,19.840681000000004,0.2011203342389456,-0.1261196269894336
3.12,19.872528000000003,0.20170263271268962,-0.1266343054340146
3.125,19.904375,0.202285034912251,-0.127150079625163
3.13,19.936222,0.20286753936352042,-0.12766694944550314
3.1350000000000002,19.968069000000003,0.2034501447038545,-0.12818491475969282
3.14,19.999916000000002,0.2040328499079624,-0.1287039753937605
3.145,20.031763,0.2046156543235611,-0.12922413114464457
3.15,20.06361,0.20519855747309154,-0.12974538181305525
3.1550000000000002,20.095457000000003,0.20578155871307086,-0.13026772723148378
3.16,20.127304000000006,0.20636465697861936,-0.13079116726333342
3.165,20.159151,0.20694785084889888,-0.13131570177497204
3.17,20.190998,0.20753113896627506,-0.13184133060564135
3.1750000000000003,20.222845000000007,0.20811452053082066,-0.1323680535598678
3.18,20.254692000000002,0.20869799544029694,-0.132895870425312
3.185,20.286539,0.20928156385807944,-0.13342478099770488
3.19,20.318386000000004,0.20986522546535963,-0.13395478509242983
3.1950000000000003,20.350233000000003,0.21044897899687137,-0.1344858825378656
3.2,20.382080000000002,0.21103282251559013,-0.13501807316099576
3.205,20.413927000000005,0.2116167542964787,-0.1355513567772601
3.21,20.445774,0.21220077363722734,-0.13608573318751677
3.215,20.477621,0.21278488090599956,-0.1366212021787962
3.22,20.509468000000005,0.21336907673601657,-0.1371577635283349
3.225,20.541315000000004,0.21395336099490864,-0.13769541701430907
3.23,20.573162,0.21453773236358895,-0.1382341624316738
3.235,20.605009000000003,0.21512218885796813,-0.13877399960038786
3.24,20.636856000000005,0.21570672884595607,-0.13931492835163986
3.245,20.668703,0.21629135172513175,-0.13985694849459893
3.25,20.700550000000003,0.21687605774568425,-0.14040005978928874
3.255,20.732397000000002,0.21746084717839015,-0.1409442619549237
3.2600000000000002,20.764244,0.21804571951737167,-0.14148955471609623
3.265,20.796091000000004,0.21863067330538608,-0.1420359378519343
3.27,20.827938000000003,0.21921570664243567,-0.1425834112025229
3.275,20.859785,0.21980081796009543,-0.14313197461944652
3.2800000000000002,20.891632000000005,0.22038600654200255,-0.14368162789828454
3.285,20.923479000000004,0.2209712725055717,-0.14423237075259107
3.29,20.955326000000003,0.22155661628289244,-0.14478420285642205
3.295,20.987173000000002,0.2221420378744475,-0.14533712392163967
3.3000000000000003,21.019020000000005,0.22272753627173697,-0.14589113374254975
3.305,21.050867000000004,0.2233131094366086,-0.1464462321673686
3.31,21.082714000000003,0.223898754994651,-0.147002419020889
3.315,21.114561000000002,0.22448447133446212,-0.14755969404599467
3.3200000000000003,21.146408000000005,0.2250702583697978,-0.14811805691371696
3.325,21.178255000000004,0.22565611726111284,-0.1486775072899727
3.33,21.210102000000003,0.2262420490875711,-0.14923804489952763
3.335,21.241949,0.22682805337909068,-0.14979966953578958
3.34,21.273796,0.22741412774210995,-0.15036238101614197
3.345,21.305643000000003,0.22800026907668464,-0.15092617912608838
3.35,21.337490000000003,0.22858647554993533,-0.1514910635946461
3.355,21.369337000000005,0.22917274770060914,-0.15205703410834542
3.36,21.401184,0.22975908762041097,-0.1526240903418696
3.365,21.433031000000003,0.23034549674247407,-0.15319223198401072
3.37,21.464878000000006,0.2309319740311794,-0.15376145875463235
3.375,21.496725,0.23151851614349112,-0.1543317704135908
3.38,21.528572,0.23210511952264706,-0.15490316675180754
3.3850000000000002,21.560419000000003,0.23269178274647634,-0.15547564755278556
3.39,21.592266000000002,0.2332785072103817,-0.15604921253824855
3.395,21.624113,0.2338652955941826,-0.15662386134347134
3.4,21.655960000000004,0.23445214935922315,-0.15719959356214164
3.4050000000000002,21.687807000000006,0.235039067237316,-0.1577764088433968
3.41,21.719654000000002,0.2356260457901535,-0.1583543069616306
3.415,21.751501000000005,0.2362130814798781,-0.158933287782635
3.42,21.783348000000004,0.23680017265530542,-0.159513351134224
3.4250000000000003,21.815195000000003,0.2373873201118854,-0.16009449668622608
3.43,21.847042000000002,0.2379745260120944,-0.1606767239555183
3.435,21.878889000000004,0.2385617920054207,-0.1612600324496839
3.44,21.910736,0.2391491177358629,-0.16184442183291714
3.4450000000000003,21.942583000000003,0.23973650058888651,-0.16242989196452912
3.45,21.974430000000005,0.2403239368521195,-0.16301644276598415
3.455,22.006277,0.24091142371946592,-0.1636040740265551
3.46,22.038124000000003,0.2414989609720915,-0.164192785316997
3.465,22.069971000000002,0.24208655108376895,-0.1647825760865155
3.47,22.101818000000005,0.24267419728876774,-0.16537344585629707
3.475,22.133665,0.24326190063457614,-0.16596539434218
3.48,22.165512000000003,0.24384965819564278,-0.1665584214097531
3.485,22.197359000000002,0.2444374642237487,-0.1671525269146204
3.49,22.229206,0.24502531388540155,-0.16774771056914753
3.495,22.261053000000004,0.24561320687868507,-0.16834397193400993
3.5,22.292900000000003,0.2462011477933185,-0.1689413105159316
3.505,22.324747000000002,0.24678914240768446,-0.16953972587736182
3.5100000000000002,22.356594000000005,0.24737719256589658,-0.17013921768452778
3.515,22.388441000000004,0.24796529385316396,-0.17073978568984355
3.52,22.420288,0.24855343830068583,-0.1713414296828478
3.525,22.452135000000002,0.249141620204,-0.17194414943025094
3.5300000000000002,22.483982000000005,0.24972984035176787,-0.17254794460973358
3.535,22.515829000000004,0.25031810509172775,-0.17315281476455216
3.54,22.547676000000003,0.2509064208906996,-0.17375875933552945
3.545,22.579523000000002,0.2514947887863971,-0.1743657777951326
3.5500000000000003,22.611370000000004,0.2520832031820319,-0.17497386980873897
3.555,22.643217000000003,0.25267165582565354,-0.1755830352755426
3.56,22.675064000000003,0.25326014168658295,-0.17619327416339262
3.565,22.706911,0.25384866218078594,-0.1768045862333205
3.5700000000000003,22.738758000000004,0.2544372235484267,-0.17741697088942474
3.575,22.770605000000003,0.2550258319149791,-0.1780304273251705
3.58,22.802452000000002,0.25561448870203357,-0.1786449548848678
3.585,22.834299,0.2562031893730559,-0.1792605533378324
3.59,22.866146,0.2567919260526806,-0.1798772228001735
3.595,22.897993000000003,0.2573806922385195,-0.18049496333685627
3.6,22.929840000000006,0.25796948679161436,-0.18111377457676694
3.605,22.961687,0.2585583147782528,-0.18173365568734043
3.61,22.993534,0.2591471842844776,-0.1823546057479071
3.615,23.025381000000007,0.25973610065187447,-0.1829766242039859
3.62,23.057228000000002,0.26032506170910646,-0.18359971100845393
3.625,23.089075,0.2609140578173563,-0.1842238663338168
3.63,23.120922000000004,0.26150307778286447,-0.18484909011513492
3.6350000000000002,23.152769000000003,0.2620921171057812,-0.18547538181298145
3.64,23.184616000000002,0.2626811821788168,-0.18610274056843265
3.645,23.216463000000005,0.2632702861235957,-0.1867311655800351
3.65,23.24831,0.2638594383741696,-0.18736065638030988
3.6550000000000002,23.280157000000003,0.2644486359547512,-0.18799121282972653
3.66,23.312004000000005,0.2650378641544832,-0.18862283490099288
3.665,23.343851000000004,0.2656271071510129,-0.18925552245011407
3.67,23.375698,0.26621636056195125,-0.18988927509997444
3.6750000000000003,23.407545000000002,0.26680563545729774,-0.19052409223840935
3.68,23.439392000000005,0.2673949498463095,-0.19115997310013583
3.685,23.471239,0.26798431404020523,-0.19179691693683681
3.69,23.503086000000003,0.2685737217294573,-0.1924349232510699
3.6950000000000003,23.534933000000006,0.26916315419788495,-0.1930739919494556
3.7,23.56678,0.26975259440137356,-0.19371412321657466
3.705,23.598627000000004,0.2703420396848137,-0.19435531708462964
3.71,23.630474000000003,0.2709315032503091,-0.1949975729908019
3.715,23.662321000000002,0.27152100364925913,-0.19564088975186097
3.72,23.694168,0.27211055073243273,-0.19628526610747263
3.725,23.726015000000004,0.2727001385052815,-0.1969307014559912
3.73,23.757862000000003,0.27328974946940415,-0.19757719612435246
3.735,23.789709000000002,0.2738793666427066,-0.19822475083114363
3.74,23.821556000000005,0.27446898477118326,-0.19887336571722156
3.745,23.853403000000004,0.2750586136043466,-0.19952303978173128
3.75,23.885250000000003,0.2756482714429992,-0.20017377128073915
3.755,23.917097000000002,0.2762379728740341,-0.2008255588083365
3.7600000000000002,23.948944000000004,0.27682771804043815,-0.20147840213692034
3.765,23.980791,0.27741749058194476,-0.2021323020653251
3.77,24.012638000000003,0.2780072670011954,-0.20278725938875738
3.775,24.044485,0.27859703284496573,-0.20344327387986808
3.7800000000000002,24.076332000000004,0.2791867948435496,-0.20410034414518904
3.785,24.108179000000003,0.2797765785936367,-0.20475846843485448
3.79,24.140026000000002,0.28036641067915113,-0.20541764567368057
3.795,24.171873000000005,0.2809562969702107,-0.20607787586638485
3.8000000000000003,24.203720000000004,0.2815462145919477,-0.2067391596418029
3.805,24.235567000000003,0.2821361266098052,-0.207401497416916
3.81,24.267414000000002,0.2827260103538518,-0.2080648888534244
3.815,24.299261,0.2833158771309132,-0.20872933289830686
3.8200000000000003,24.331108000000004,0.28390576562176406,-0.2093948282165987
3.825,24.362955000000003,0.28449571195389706,-0.21006137367173885
3.83,24.394802000000002,0.2850857196983577,-0.21072896866205945
3.835,24.426649,0.28567575485806557,-0.2113976132531065
3.84,24.458496000000004,0.28626577128811076,-0.21206730800557702
3.845,24.490343000000006,0.2868557467808116,-0.21273805340814766
3.85,24.522190000000002,0.28744570073812736,-0.2134098491156978
3.855,24.554037,0.28803567911869593,-0.21408269357702261
3.86,24.585884000000004,0.2886257187552218,-0.21475658459333044
3.865,24.617731000000003,0.28921581915927685,-0.21543152064571813
3.87,24.649578,0.2898059430465073,-0.21610750197633613
3.875,24.681425000000004,0.2903960439506088,-0.21678453031751244
3.88,24.713272,0.29098609946719084,-0.21746260719475957
3.8850000000000002,24.745119000000003,0.2915761263464279,-0.21814173210445878
3.89,24.776966000000005,0.2921661681723846,-0.21882190224437043
3.895,24.808813,0.29275626524909565,-0.2195031142785699
3.9,24.84066,0.29334642682027795,-0.22018536677506859
3.9050000000000002,24.872507000000006,0.29393662325623154,-0.22086866117233503
3.91,24.904354000000005,0.2945268036934754,-0.22155300028667294
3.915,24.936201,0.2951169295016313,-0.22223838554392472
3.92,24.968048000000003,0.295707002973151,-0.22292481532372507
3.9250000000000003,24.999895000000006,0.29629707045154424,-0.2236122858734936
3.93,25.031742,0.29688719313663736,-0.22430079399741482
3.935,25.063589000000004,0.2974774017418268,-0.2249903392034453
3.94,25.095436000000003,0.2980676676455708,-0.22568092355132055
3.9450000000000003,25.127283000000002,0.2986579169479141,-0.22637254949412033
3.95,25.159130000000005,0.2992480835397956,-0.22706521763040985
3.955,25.190977000000004,0.29983816350404713,-0.22775892611154458
3.96,25.222824000000003,0.30042822541780884,-0.22845367187360632
3.9650000000000003,25.254671000000005,0.30101836177942654,-0.22914945246231255
3.97,25.286518000000004,0.3016086152385137,-0.22984626711909173
3.975,25.318365000000004,0.30219893899973,-0.23054411670680994
3.98,25.350212000000003,0.30278922781836004,-0.2312430028623528
3.985,25.382059,0.30337939926439156,-0.23194292687838605
3.99,25.413906000000004,0.30396946107438544,-0.23264388863916508
3.995,25.445753000000003,0.30455950847417157,-0.23334588603927492
4,25.477600000000002,0.30514965113398534,-0.23404891552889195
4.005,25.509447,0.30573992708057773,-0.2347529740134281
4.01,25.541294,0.3063302719967512,-0.23545806110516662
4.015,25.573141,0.3069205677928452,-0.2361641797628923
4.0200000000000005,25.604988000000006,0.30751072398880236,-0.23687133419750506
4.025,25.636835000000005,0.30810074937642484,-0.237579526536632
4.03,25.668682000000004,0.3086907636565259,-0.23828875288141194
4.035,25.700529000000003,0.30928090905088135,-0.2389990043591729
4.04,25.732376000000006,0.309871228485476,-0.23971027439961182
4.045,25.764223,0.3104616031752293,-0.24042256734895998
4.05,25.79607,0.311051861926786,-0.24113589474724798
4.055,25.827917000000003,0.31164196929305055,-0.24185025932188067
4.0600000000000005,25.859764000000006,0.31223197393759883,-0.24256565655093204
4.065,25.891611000000005,0.3128219749332016,-0.24328207899105572
4.07,25.923458000000004,0.3134120598205382,-0.2439995215624986
4.075,25.955305000000003,0.3140022534633985,-0.2447179839616699
4.08,25.987152000000002,0.31459250841373443,-0.24543746936121696
4.085,26.018999000000004,0.3151827408013311,-0.24615798122933466
4.09,26.050846000000003,0.3157728912135963,-0.2468795208210074
4.095,26.082693,0.3163629301046761,-0.24760208726679503
4.1,26.11454,0.31695290234556833,-0.2483256772369939
4.105,26.146387000000008,0.31754290381826455,-0.24905028690758552
4.11,26.178234000000003,0.3181330104011049,-0.24977591424168577
4.115,26.210081000000002,0.3187232146313125,-0.2505025598971008
4.12,26.241928000000005,0.31931342345388386,-0.25123022627548086
4.125,26.273775,0.3199035253187459,-0.2519589155126927
4.13,26.305622000000003,0.3204934780232722,-0.25268862775817763
4.135,26.337469000000002,0.3210833678408202,-0.25341936015124583
4.14,26.369315999999998,0.3216733043205791,-0.2541511093684562
4.1450000000000005,26.401163000000004,0.32226333523706485,-0.2548838731090716
4.15,26.433010000000007,0.3228534323202726,-0.25561765101121003
4.155,26.464857000000006,0.3234435240258057,-0.25635244440810484
4.16,26.496704,0.32403354751706315,-0.25708825501746047
4.165,26.528551000000004,0.3246234849659342,-0.2578250834392712
4.17,26.560398000000003,0.32521336568278736,-0.25856292847965384
4.175,26.592245000000002,0.3258032397247693,-0.25930178771120826
4.18,26.624092,0.326393141197214,-0.2600416590111765
4.1850000000000005,26.655939000000007,0.32698308690077943,-0.26078254061219763
4.19,26.687786000000003,0.3275730532313379,-0.2615244326251369
4.195,26.719633000000005,0.328162989581044,-0.2622673366995875
4.2,26.751480000000004,0.32875285409526417,-0.26301125428114175
4.205,26.783327000000003,0.329342644773582,-0.2637561849509501
4.21,26.815174000000003,0.3299324027719264,-0.2645021261923727
4.215,26.847021,0.33052218484654855,-0.26524907476288406
4.22,26.878868000000004,0.33111202849882854,-0.26599702843464823
4.225,26.910715,0.3317019113496216,-0.26674598787485054
4.23,26.942562000000006,0.3322917551708199,-0.26749595616222294
4.235,26.974409000000005,0.33288148445467786,-0.26824693570834357
4.24,27.006256000000004,0.33347109711001444,-0.2689989251182913
4.245,27.038103000000003,0.3340606834103042,-0.2697519192589633
4.25,27.069950000000002,0.33465036236473666,-0.2705059131737096
4.255,27.101797,0.3352401748246141,-0.2712609063955189
4.26,27.133644,0.3358300109283829,-0.272016903512616
4.265,27.165491000000003,0.33641970744561445,-0.27277390843670557
4.2700000000000005,27.19733800000001,0.337009246041405,-0.27353191992453046
4.275,27.229185000000005,0.33759869570121925,-0.2742909348936764
4.28,27.261032000000004,0.3381881577661745,-0.27505094987817313
4.285,27.292879000000006,0.3387776968253148,-0.2758119625058287
4.29,27.324726000000002,0.3393673059693846,-0.2765739722860427
4.295,27.356573,0.3399569228565472,-0.27733698033557475
4.3,27.388420000000004,0.3405464860315543,-0.27810098795646665
4.305,27.420267,0.34113594245764306,-0.2788659963199546
4.3100000000000005,27.452114000000005,0.34172529790026396,-0.27963200503211305
4.315,27.483961000000008,0.3423146172360555,-0.28039901161613573
4.32,27.515808000000003,0.3429039775579382,-0.2811670125457207
4.325,27.547655000000002,0.34349340995212946,-0.28193600537997743
4.33,27.579502000000005,0.34408287422306055,-0.2827059904027388
4.335,27.611349000000004,0.3446722865133384,-0.2834769702364575
4.34,27.643196,0.34526157539847946,-0.28424894760148645
4.345,27.675043000000002,0.34585073650823717,-0.2850219227106215
4.3500000000000005,27.70689000000001,0.3464398538112903,-0.2857958915412179
4.355,27.738737000000004,0.3470290437122995,-0.2865708479368726
4.36,27.770584000000007,0.3476183557082443,-0.28734678855020235
4.365,27.802431000000006,0.34820770101203863,-0.28812371685753807
4.37,27.834278,0.3487969287076124,-0.2889016393847561
4.375,27.866125000000004,0.34938600280372933,-0.28968055688023303
4.38,27.897972000000003,0.34997496760666713,-0.29046046607124454
4.385,27.929819,0.3505639113720528,-0.29124136215373797
4.39,27.961666,0.35115289992730003,-0.29202324194653234
4.3950000000000005,27.993513000000007,0.3517419712862425,-0.29280610380260624
4.4,28.025360000000006,0.3523310859730494,-0.2935899493443506
4.405,28.057207000000005,0.35292014618642975,-0.29437478184792404
4.41,28.089054000000004,0.35350906587593317,-0.29516060323974863
4.415,28.120901000000003,0.3540978387254484,-0.29594741223979587
4.42,28.152748000000003,0.3546865495536471,-0.2967352048991797
4.425,28.184595,0.35527531645259486,-0.29752397683464693
4.43,28.216442,0.3558642140570406,-0.29831372552367935
4.4350000000000005,28.248289000000003,0.35645317186916403,-0.2991044527139299
4.44,28.280136000000006,0.3570420223528282,-0.2998961627383531
4.445,28.311983000000005,0.357630707150851,-0.3006888569467159
4.45,28.343830000000004,0.3582192619860204,-0.30148253377774853
4.455,28.375677000000003,0.35880777813763876,-0.302277189697928
4.46,28.407524000000002,0.3593963281021957,-0.30307282154460513
4.465,28.439371000000005,0.35998495881941694,-0.3038694265588134
4.47,28.471218,0.3605736377279536,-0.3046670047205968
4.4750000000000005,28.503065000000007,0.36116226983630956,-0.30546555863159314
4.48,28.534912000000006,0.3617507664452685,-0.30626509122653117
4.485,28.566759000000005,0.3623391123530193,-0.3070656029993067
4.49,28.598606000000004,0.36292738013716985,-0.3078670908364194
4.495,28.630453000000003,0.3635156789909768,-0.30866954955257636
4.5,28.662300000000002,0.3641040741650766,-0.30947297526079964
4.505,28.694147,0.36469253585200156,-0.31027736809080475
4.51,28.725994000000004,0.3652809351890868,-0.3110827328205233
4.515,28.757841000000003,0.3658691982531952,-0.31188907223966666
4.5200000000000005,28.789688000000005,0.366457325342774,-0.31269638553749757
4.525,28.821535000000004,0.3670453782027796,-0.3135046691860782
4.53,28.853382000000007,0.3676334327496013,-0.31431391928002733
4.535,28.885229000000002,0.36822153056143153,-0.31512413359491454
4.54,28.917076,0.3688096584073617,-0.31593531219602594
4.545,28.948923000000004,0.3693977641916397,-0.316747456544282
4.55,28.98077,0.36998580046876783,-0.3175605677691494
4.555,29.012617000000002,0.37057372926860366,-0.31837464633722357
4.5600000000000005,29.04446400000001,0.3711615605943616,-0.3191896909749645
4.565,29.076311000000004,0.37174935022837974,-0.32000569890244324
4.57,29.108158000000003,0.3723371601925753,-0.320822667236365
4.575,29.140005000000006,0.3729250111242974,-0.3216405946216427
4.58,29.171852000000005,0.37351286327306216,-0.3224594818363917
4.585,29.203699,0.3741006430231008,-0.3232793307842073
4.59,29.235546000000003,0.37468829256293634,-0.3241001427289697
4.595,29.267393000000002,0.3752758180582868,-0.32492191664954195
4.6000000000000005,29.299240000000005,0.3758633024746248,-0.325744648933627
4.605,29.331087000000007,0.37645084690297886,-0.326568335426426
4.61,29.362934000000006,0.3770384784106043,-0.3273929743862301
4.615,29.394781000000002,0.37762609755898274,-0.3282185682043834
4.62,29.426628000000004,0.3782135721337115,-0.32904512075832726
4.625,29.458475000000004,0.3788008939810223,-0.32987263222391056
4.63,29.490322,0.37938812106926506,-0.3307011000395234
4.635,29.522169,0.3799753334749806,-0.33153052040146386
4.64,29.554016,0.3805625785934175,-0.3323608906062558
4.6450000000000005,29.585863000000007,0.38114986986873267,-0.33319220904095137
4.65,29.617710000000006,0.381737157406516,-0.33402447682768055
4.655,29.649557000000005,0.3823243583295052,-0.3348576966533435
4.66,29.681404000000004,0.3829114173440874,-0.3356918701060278
4.665,29.713251000000003,0.38349835031423407,-0.33652699579057244
4.67,29.745098000000002,0.38408523638213365,-0.3373630697296622
4.675,29.776945,0.3846721646401378,-0.3382000876250609
4.68,29.808792,0.38525917283531913,-0.3390380473522692
4.6850000000000005,29.840639000000007,0.385846185608379,-0.33987695130517653
4.69,29.872486000000006,0.38643307291834217,-0.3407168038011566
4.695,29.90433300000001,0.3870198054129001,-0.3415576051299852
4.7,29.936180000000004,0.3876064240161388,-0.3423993526934371
4.705,29.968027000000003,0.38819300537875134,-0.34324204270397507
4.71,29.999874000000005,0.38877960419165386,-0.3440856724940801
4.715,30.031721,0.3893662488929433,-0.34493024039024855
4.72,30.063568,0.3899529022853233,-0.34577574722751075
4.7250000000000005,30.095415000000006,0.3905394818803516,-0.3466221953149223
4.73,30.127262000000005,0.3911259200148501,-0.3474695861454615
4.735,30.159109000000004,0.39171221718745874,-0.3483179187327368
4.74,30.190956000000007,0.3922984460330018,-0.3491671897444648
4.745,30.222803000000003,0.39288469945075294,-0.35001739528824977
4.75,30.25465,0.39347101969255593,-0.35086853314905814
4.755,30.286497000000004,0.39405734624893796,-0.351720604478814
4.76,30.318344000000003,0.3946435871556229,-0.35257361183131186
4.765,30.350191,0.39522969354338194,-0.35342755625398287
4.7700000000000005,30.382038000000005,0.3958156783909269,-0.3542824366178102
4.775,30.413885000000008,0.3964015969341454,-0.3551382502166506
4.78,30.445732000000003,0.39698750546363193,-0.3559949941942273
4.785,30.477579000000006,0.39757342660716877,-0.35685266685305933
4.79,30.509426000000005,0.398159340900704,-0.357711268065467
4.795,30.541273,0.39874520533350977,-0.3585707986533339
4.8,30.573120000000003,0.39933098666258643,-0.3594312591718055
4.805,30.604967000000002,0.39991666389382585,-0.360292649581175
4.8100000000000005,30.636814000000005,0.40050225289583796,-0.361154968553432
4.815,30.668661000000004,0.4010877981444441,-0.36201821370044385
4.82,30.700508000000006,0.4016733404614607,-0.36288238266583345
4.825,30.732355000000005,0.40225888537092247,-0.36374747437089094
4.83,30.764202000000004,0.40284439652802817,-0.3646134894053011
4.835,30.796049000000004,0.4034298207602771,-0.36548042908940614
4.84,30.827896000000003,0.4040151275373577,-0.3663482938335021
4.845,30.859743,0.4046003336234718,-0.36721708212457804
4.8500000000000005,30.891590000000008,0.40518550345997556,-0.36808679059644744
4.855,30.923437000000007,0.40577067083518736,-0.3689574173905253
4.86,30.955284000000002,0.40635583155474836,-0.3698289619200654
4.865,30.987131000000005,0.4069409522973211,-0.3707014246078079
4.87,31.018978000000004,0.407525995793147,-0.3715748060128681
4.875,31.050825000000007,0.4081109443572246,-0.37244910603267745
4.88,31.082672000000002,0.4086957996440714,-0.3733243236920911
4.885,31.114519,0.4092805913018857,-0.3742004571209094
4.89,31.146366000000004,0.40986535751047154,-0.375077504224811
4.8950000000000005,31.178213000000007,0.4104501157724717,-0.37595546359701393
4.9,31.210060000000006,0.4110348476784763,-0.37683433504418795
4.905,31.241907000000005,0.4116195106071746,-0.37771411926764614
4.91,31.273754000000004,0.41220406891151573,-0.37859481680406704
4.915,31.305601000000003,0.41278852161830476,-0.37947642695856465
4.92,31.337448000000006,0.41337290505529944,-0.3803589476091658
4.925,31.369295,0.4139572677335517,-0.38124237612723894
4.93,31.401142,0.41454163872812944,-0.38212671059930853
4.9350000000000005,31.432989000000006,0.4151259879040878,-0.3830119513520242
4.94,31.46483600000001,0.41571025663317157,-0.38389809974523426
4.945,31.496683000000004,0.416294400487781,-0.3847851565870251
4.95,31.528530000000003,0.4168784240048845,-0.3856731209191372
4.955,31.560377000000006,0.417462379671822,-0.38656199005402436
4.96,31.592224,0.41804633001320796,-0.38745176087757066
4.965,31.624071000000004,0.41863029985509187,-0.38834243157830467
4.97,31.655918000000003,0.4192142432993444,-0.3892340029334697
4.9750000000000005,31.687765000000006,0.4197980976936219,-0.3901264766406875
4.98,31.719612000000005,0.42038183178750776,-0.3910198530423144
4.985,31.751459000000008,0.4209654571666424,-0.39191413082416154
4.99,31.783306000000003,0.42154901335797657,-0.3928093076699857
4.995,31.815153000000002,0.4221325387961336,-0.3937053813566164
5,31.847000000000005,0.4227160480969851,-0.3946023506053337